LON,LAT,EDO,CLAVE,ESTACION,ene-21
-102.309722,21.895,AGS,AGSAG,"Aguascalientes, Ags.",11.2
-102.184167,21.738611,AGS,BRTAG,"San Bartolo, Ags.",4.3
-102.712222,21.849167,AGS,CALVILLO,"Calvillo, Ags. SMN*",7.4
-102.676944,21.9975,AGS,CDRAG,"La Codorniz, Ags.",3.5
-102.189167,21.826667,AGS,CLVAG,"Calvillo, Ags.",11.6
-101.992222,21.897778,AGS,CNSAG,"Los Conos, Ags.",9.5
-102.296667,22.362778,AGS,CSOAG,"CosÌo, Ags.",0.0
-102.356944,22.121667,AGS,JCQAG,"Jocoque, Ags.",4.0
-102.788333,21.8075,AGS,MNLAG,"Media Luna, Ags.",10.5
-102.371667,21.78,AGS,NGRAG,"El Ni·gara, Ags.",3.4
-102.001944,22.020556,AGS,NVLAG,"El Novillo, Ags.",8.0
-102.290556,21.850833,AGS,OBSAG,"Observatorio de Aguascalientes, Ags.",8.2
-101.966667,21.916667,AGS,PALAG,"Palo Alto, Ags.",7.0
-102.279167,22.147222,AGS,PBLAG,"PabellÛn, Ags.",3.8
-102.417222,22.141111,AGS,PECAG,"Plutarco ElÌas Calles, Ags.",2.0
-102.135,22.202778,AGS,PTOAG,"Puerto de la ConcepciÛn, Ags.",7.0
-102.4375,22.235,AGS,PTRAG,"Derivadora PabellÛn, Ags.",5.8
-102.608611,22.269722,AGS,SIERRAFRIA,"Sierra FrÌa, Ags. SMN*",9.2
-102.108889,21.885,AGS,SNVAG,"Sandovales, Ags.",13.0
-102.127778,21.807778,AGS,TNJAG,"La Tinaja 2, Ags.",6.0
-102.0675,22.097778,AGS,VJZAG,"Villa Ju·rez, Ags.",15.2
-116.204167,32.271944,BC,AGHBN,"Agua Hechicera, B.C.",38.9
-116.908333,32.444722,BC,ALRBN,"Abelardo L. RodrÌguez, B.C.",45.0
-115.921667,32.042222,BC,CONST1857,"ConstituciÛn de 1857, B.C. SMN*",56.6
-116.696944,32.479444,BC,CRRBN,"El Carrizo, B.C.",44.3
-116.828333,32.468056,BC,EFLBN,"El Florido, B.C.",45.4
-116.6025,31.890278,BC,ELZBN,"Emilio LÛpez Zamora, B.C.",65.6
-115.931389,30.517222,BC,ENBBN,"San QuintÌn, B.C.",47.0
-115.15,32.411111,BC,ENLBN,"Observatorio de Ejido Nuevo LeÛn, B.C.",22.0
-116.302778,32.516389,BC,HNGBN,"El Hongo, B.C.",66.3
-114.728056,32.705,BC,JMRBN,"InterconexiÛn JosÈ MarÌa Morelos y PavÛn, B.C.",29.9
-115.27,32.39,BC,MXCBN,"Mexicali, B.C.",26.2
-116.908333,32.4475,BC,PABELARLRDGZ2,"Abelardo L. RodrÌguez. 2, B.C. SMN*",16.2
-114.729444,32.703889,BC,PDMBN,"Presa derivadora Morelos, B.C.",33.2
-117.071389,32.3775,BC,PLAYAROSARITO,"Playa Rosarito, B.C. SMN*",39.6
-116.603333,31.891667,BC,PLOPEZZAMORA,"Presa Emilio LÛpez Zamora, B.C. SMN*",0.4
-114.828611,30.993056,BC,SANFELIPEmar,"San Felipe, B.C. SEMAR*",22.1
-114.834444,31.028056,BC,SFELIPEob,"Observatorio de San Felipe, B.C. SMN*",0.2
-114.85,31.033333,BC,SFLBN,"Observatorio de San Felipe, B.C.",3.2
-115.9375,30.531111,BC,SQNBN,"San QuintÌn, B.C. SMN*",43.4
-116.661667,32.568611,BC,TECATE,"Tecate, B.C. SMN*",61.2
-111.663611,25.009722,BCS,CCNBS,"Observatorio de Ciudad ConstituciÛn, B.C.S.",19.9
-109.925833,22.8975,BCS,CSLBS,"Cabo San Lucas, B.C.S.",3.5
-113.457222,27.6425,BCS,DIAZORDAZBN,"Gustavo DÌçaz Ordaz, B.C.S. SMN*",1.2
-113.457778,27.643611,BCS,DORBS,"DÌaz Ordaz, B.C.S.",0.0
-114.051944,27.963056,BCS,GNGBS,"Guerrero Negro, B.C.S.",3.8
-110.316667,24.116667,BCS,LAPAZob,"Observatorio de La Paz, B.C.S. SMN*",7.2
-109.697222,23.680556,BCS,LBABS,"Los Barriles, B.C.S.",6.0
-110.366667,24.15,BCS,LPZBS,"Observatorio de La Paz, B.C.S.",7.3
-111.349167,26.011667,BCS,LRTBS,"Observatorio de Loreto, B.C.S.",9.4
-111.983056,26.896111,BCS,MLGBS,"MulegÈ, B.C.S.",9.0
-111.829444,24.481111,BCS,PCORTESmar,"Puerto CortÈs, B.C.S. SEMAR*",31.7
-109.934167,23.9675,BCS,PLNBS,"Los Planes, B.C.S.",5.5
-109.591389,23.593056,BCS,RBRBS,"La Ribera, B.C.S.",6.4
-110.059167,23.805,BCS,SANBS,"San Antonio, B.C.S.",7.0
-112.478611,26.2575,BCS,SANJUANICO,"San Juanico, B.C.S. SMN*",12.0
-109.995,24.083889,BCS,SARBS,"El Sargento, B.C.S.",9.8
-109.843889,23.738333,BCS,SBABS,"San Bartolo, B.C.S.",10.0
-109.708333,23.118889,BCS,SJCBS,"San JosÈ del Cabo, B.C.S.",1.0
-109.998611,23.555556,BCS,SLAGUNA,"Sierra La Laguna, B.C.S. SMN*",17.0
-109.713611,23.490278,BCS,SNTBS,"Santiago, B.C.S.",4.1
-112.272778,27.337778,BCS,SRLBS,"Observatorio de Santa RosalÌa, B.C.S.",17.0
-110.210556,23.478889,BCS,TSNBS,"Todos Santos, B.C.S.",17.0
-89.743889,20.003889,CAMP,BOLCA,"Bolonchen, Camp.",32.2
-90.5,19.833333,CAMP,CAMPECHEob,"Observatorio de Campeche, Camp. SMN*",11.8
-90.575556,19.295,CAMP,CANCA,"Canasayab, Camp.",35.4
-91.761389,18.654167,CAMP,CARCA,"El Carmen, Camp.",76.5
-91.765278,18.658056,CAMP,CDCCA,"Ciudad del Carmen, Camp. SMN*",36.0
-90.72,19.361667,CAMP,CHMCA,"ChampotÛn, Camp.",25.0
-90.544167,19.838333,CAMP,CMPCA,"Campeche, Camp.",10.0
-91.046111,18.183056,CAMP,CNDCA,"Candelaria, Camp.",29.4
-90.507222,19.838611,CAMP,COBCA,"Observatorio de Campeche, Camp.",13.7
-90.741111,18.604444,CAMP,ESCCA,"Esc·rcega, Camp.",50.9
-90.105556,20.184167,CAMP,HECCA,"Hecelchak·n, Camp.",50.0
-89.848333,19.751944,CAMP,HPOCA,"Hopelchen, Camp.",29.6
-90.820833,18.056944,CAMP,MONCLOVACAMP,"Monclova, Camp. SMN*",25.0
-90.221389,19.605833,CAMP,NYXCA,"Noh-YaxchÈ, Camp.",31.4
-92.086944,18.253056,CAMP,PLZCA,"Palizada, Camp.",90.5
-91.175833,18.972778,CAMP,SBNCA,"Sabancuy, Camp.",22.0
-89.860278,19.664444,CAMP,XCPCA,"Xcupil, Camp.",26.7
-89.396111,18.502222,CAMP,XPJCA,"Xpujil, Camp.",105.0
-107.482778,28.481667,CHIH,AGZCH,"Abraham Gonz·lez, Chih.",26.0
-107.255556,28.771667,CHIH,BACCH,"BachÌniva, Chih.",26.5
-108.206389,28.208889,CHIH,BSSCH,"Basaseachi, Chih.",75.0
-107.723611,27.033611,CHIH,BTPCH,"Batopilas, Chih.",88.8
-106.484722,28.802778,CHIH,C08099,"Majalca, Chih.",23.0
-108.092778,29.216667,CHIH,C08219,"PeÒitas, Chih.",22.0
-107.6975,28.759722,CHIH,C08243,"Tejolocachi, Chih.",24.5
-105.963611,28.773333,CHIH,C08270,"La Mesa, Chih.",14.0
-107.930833,30.376667,CHIH,CAGCH,"Observatorio de Nuevo Casas Grandes, Chih.",11.9
-106.84,28.396667,CHIH,CDCUAUHTEMOC,"Ciudad CuauhtÈmoc, Chih. SMN*",24.2
-105.446944,28.210833,CHIH,CDLCH,"Ciudad Delicias, Chih.",0.0
-108.535556,27.392222,CHIH,CHICH,"ChÌnipas, Chih. SMN*",25.6
-106.030278,28.670556,CHIH,CHIHUAHUAob,"Observatorio de Chihuahua, Chih. SMN*",10.4
-106.770556,26.229444,CHIH,CHNCH,"Chinat˙, Chih. SMN*",25.9
-106.167778,28.570556,CHIH,CHUCH,"Chihuahua, Chih.",14.9
-106.400278,31.736667,CHIH,CJZCH,"Ciudad Ju·rez, Chih.",0.0
-105.381667,27.410278,CHIH,CL2CH,"Colina hidromÈtrica, Chih.",6.0
-105.382222,27.576389,CHIH,CLNCH,"Ing. Andrew Weiss, Chih.",6.0
-108.541667,27.416667,CHIH,CNDCH,"ChÌnipas, Chih.",41.9
-105.382222,27.576389,CHIH,COLINA,"Colina, Chih. SGT*",3.8
-106.353889,26.949722,CHIH,CONCHOSob,"Observatorio de Conchos, Chih. SMN*",11.4
-107.633333,27.75,CHIH,CRLCH,"Creel, Chih.",6.1
-105.5,28.17,CHIH,DELICIAS,"Ciudad Delicias, Chih. SMN*",0.0
-106.390278,26.473333,CHIH,ELVERGELSMN,"El Vergel, Chih. SMN*",13.6
-106.119444,28.614722,CHIH,ERECH,"El RejÛn, Chih.",14.9
-105.628889,28.166111,CHIH,FIMCH,"Francisco I. Madero, Chih.",10.8
-107.072222,26.816667,CHIH,GCCCH,"Guachochi, Chih. SMN*",50.6
-108.3,29.2,CHIH,GPCCH,"Guapoca, Chih.",24.2
-107.879167,26.870833,CHIH,IGNCH,"San Ignacio, Chih.",78.5
-108.427222,30.838889,CHIH,JANOS,"Janos, Chih. SMN*",21.2
-105.414167,27.544722,CHIH,LBQCH,"La Boquilla, Chih.",4.5
-107.025833,29.88,CHIH,LJSCH,"Las Lajas, Chih.",11.2
-105.28,28.984444,CHIH,LLNCH,"Ing. Luis L. LeÛn, Chih.",9.0
-106.486111,28.803333,CHIH,MAJALCA,"Cumbres de Majalca, Chih. SMN*",21.2
-104.410833,29.565,CHIH,OJNCH,"Ojinaga, Chih.",8.5
-105.254167,26.546389,CHIH,PAGCH,"Pico del ¡guila, Chih.",4.0
-104.74,29.5,CHIH,PEGUIS,"Peguis, Chih. SGT*",9.5
-105.675556,26.917778,CHIH,PRRCH,"Observatorio de Parral, Chih.",3.8
-106.085556,28.656944,CHIH,QIJCH,"Observatorio de Chihuahua, Chih.",14.9
-107.973333,26.9425,CHIH,TBRSI,"San Francisco, Chih.",81.7
-107.85,28.95,CHIH,TMCCH,"Observatorio de TemÛsachic, Chih.",15.0
-107.384167,29.5625,CHIH,TNTCH,"El Tintero, Chih.",16.0
-107.9125,27.216667,CHIH,URECH,"Urique, Chih.",102.0
-105.16,26.738611,CHIH,VICCH,"Villa Coronado, Chih.",4.0
-105.773333,27.99,CHIH,VILLALBA,"Villalba, Chih. SGT*",16.5
-105.806944,27.454444,CHIH,VZRCH,"Valle de Zaragoza, Chih.",12.5
-92.804167,16.552778,CHIS,ACACP,"Acala, Chis.",7.4
-92.778889,16.401389,CHIS,ANGCP,"Doctor Belisario DomÌnguez, Chis.",0.0
-93.8975,16.241111,CHIS,AROCP,"Observatorio de Arriaga, Chis.",0.1
-93.15,16.641944,CHIS,BOQCP,"BoquerÛn, Chis.",0.3
-92.716667,15.35,CHIS,CACCP,"Cacaluta, Chis.",87.2
-92.479167,16.308333,CHIS,CASCP,"Cascajal, Chis.",0.7
-92.483056,15.969167,CHIS,CATARINITAS,"Catarinitas, Chis. SGT*",2.8
-91.703333,17.472222,CHIS,CHACAMAX,"Chacamax, Chis. SGT*",64.0
-91.710278,16.383056,CHIS,CHAYABE,"Finca ChayabÈ, Chis. SGT*",124.8
-92.281389,15.750278,CHIS,CHICOMUSELO,"Chicomuselo, Chis. SGT*",3.6
-93.100556,16.941667,CHIS,CHICP,"Manuel Moreno Torres, Chis.",2.6
-92.283333,15.75,CHIS,CHMCP,"Chicomuselo, Chis.",8.2
-92.133333,16.233333,CHIS,COMITANob,"Observatorio de Comit·n, Chis. SMN*",13.0
-92.1,16.2,CHIS,COOCP,"Observatorio de Comit·n, Chis.",12.1
-93.906111,16.2425,CHIS,CREDARRIAGA,"Cred Arriaga, Chis. SMN*",0.0
-93.076389,16.166944,CHIS,CREDREVOLUCIONM,Cred RevoluciÛn Mexicana Chis. SMN*,0.0
-92.965278,15.727778,CHIS,CUXTEPEQUES,"Finca Cuxtepeques, Chis. SGT*",4.2
-92.575,15.204167,CHIS,DESCP,"Despoblado, Chis.",109.3
-92.584722,16.725833,CHIS,ELARCOTETE,"El Arcotete, Chis. SGT*",21.2
-92.95,15.495833,CHIS,ELNCP,"El Novillero, Chis.",20.6
-92.808056,15.656667,CHIS,ELTRIUNFO,"El Triunfo, Chis. SMN*",17.0
-92.829444,17.373056,CHIS,ESCALONCP,"El EscalÛn, Chis. SGT*",178.6
-92.666667,15.316667,CHIS,ESCCP,"Escuintla, Chis.",43.1
-92.67,15.33,CHIS,ESCUINTLA,"Escuintla, Chis. SMN*",24.7
-93.342222,17.216667,CHIS,EZAPATACFE,"Emiliano Zapata CFE, Chis.",368.9
-93.125,16.975,CHIS,GRICP,"Grijalva, Chis.",3.6
-92.402778,14.997222,CHIS,HUECP,"Huehuet·n, Chis.",17.2
-92.472222,15.133333,CHIS,HUICP,"Huixtla, Chis.",40.1
-92.72,15.886111,CHIS,JALTENANGO,"Jaltenango, Chis. SGT*",0.0
-92.725,15.866667,CHIS,JAPCP,"Jaltenango, Chis.",0.0
-93.381389,17.364167,CHIS,JDGCP,"Juan de Grijalva, Chis.",361.9
-92.898611,15.996389,CHIS,JSBCP,"Juan Sabines, Chis.",0.0
-93.560278,16.692778,CHIS,LASFLORESCFE,"Las Flores, Chis. CFE*",9.0
-91.73,16.114444,CHIS,LMONTEBELLO,"Lagunas de Montebello, Chis. SMN*",80.4
-93.598889,17.178611,CHIS,MALCP,"NezahualcÛyotl, Chis.",149.0
-92.883333,15.45,CHIS,MAPCP,"Mapastepec, Chis.",44.6
-93.631667,16.493889,CHIS,NVAPALESTINA,"Nueva Palestina, Chis. SGT*",12.6
-92.3375,16.851111,CHIS,OXCHUC,"Oxchuc, Chis. SGT*",42.2
-91.968056,15.848611,CHIS,PCOCP,"Puente Concordia, Chis.",6.2
-93.458611,17.446111,CHIS,PENCP,"¡ngel Albino Corzo, Chis.",257.4
-93.216667,15.691667,CHIS,PIJCP,"Pijijiapan, Chis.",6.5
-91.990278,17.525833,CHIS,PLQCP,"Palenque, Chis. SMN*",110.2
-92.618056,16.7475,CHIS,QUIOSCO,"Quiosco, Chis. SGT*",8.4
-92.666667,15.916667,CHIS,REFCP,"Reforma, Chis.",0.0
-93.079167,16.158333,CHIS,REVCP,"RevoluciÛn Mexicana, Chis.",0.1
-92.35,17.566667,CHIS,SAACP,"Salto de Agua, Chis.",182.8
-92.332778,17.56,CHIS,SALTODEAGUA,"Salto de Agua, Chis. SGT*",142.0
-93.383333,17.425,CHIS,SAYCP,"Sayula, Chis.",456.0
-92.633333,16.733333,CHIS,SCOCP,"Observatorio de San CristÛbal, Chis.",5.8
-92.616667,16.741667,CHIS,SCRCP,"Puente Morelos, Chis.",11.1
-93.056389,16.4525,CHIS,SDOCP,"Santo Domingo, Chis.",0.0
-92.321944,15.558056,CHIS,SILTEPEC,"Siltepec, Chis. SGT*",59.8
-93.55,17.35,CHIS,SITALA,"Sitala, Chis. SGT*",64.7
-93.085,17.561111,CHIS,SJOCP,"San JoaquÌn, Chis.",255.4
-92.239444,15.775,CHIS,SMICP,"San Miguel, Chis.",4.4
-92.820833,16.938889,CHIS,SNACP,"Santa MarÌa, Chis.",90.2
-92.243333,14.99,CHIS,TAMCP,"Tapachula Malpaso, Chis.",12.0
-92.260556,14.908056,CHIS,TAPCP,"Tapachula, Chis.",90.6
-93.529167,15.875,CHIS,TPICP,"Tres Picos, Chis.",0.4
-93.1,16.761944,CHIS,TUXCP,"Tuxtla Oriente, Chis.",0.0
-93.147222,16.762778,CHIS,TUXTLAGTZob,"Observatorio de Tuxtla GutiÈrrez, Chis. SMN*",0.2
-93.133333,16.75,CHIS,TXOCP,"Observatorio de Tuxtla GutiÈrrez, Chis.",0.5
-93.068056,16.716944,CHIS,TXZCP,"Tuxtla GutiÈrrez Zoomat, Chis.",0.0
-93.414167,17.231111,CHIS,TZIMBACCFE,"Tzimbac CFE, Chis.",377.0
-93.330556,17.116667,CHIS,YAMCP,"YamonhÛ, Chis.",180.4
-100.837222,28.344444,COAH,ADLCL,"Allende, Coah.",6.0
-101.057222,29.446944,COAH,AMSCL,"Internacional La Amistad, Coah.",9.2
-100.929722,25.561111,COAH,ARACL,"Ramos Arizpe Aeropuerto, Coah.",0.0
-101.116667,29.15,COAH,CBRCL,"Cabeceras, Coah.",7.0
-102.064444,26.983333,COAH,CCGCL,"Cuatro CiÈnegas, Coah.",0.0
-100.950278,29.327778,COAH,CDACL,"Ciudad AcuÒa, Coah.",9.0
-100.95,29.213611,COAH,CNTCL,"El Centenario, Coah.",13.0
-102.037778,26.990278,COAH,CUATROCIENEGAS,"Cuatro CiÈnegas, Coah. SMN*",0.0
-103.469167,25.542222,COAH,CYTCL,"Coyote, Coah.",0.0
-100.920833,25.436111,COAH,ESLCL,"SecretarÌa de Agricultura Saltillo, Coah.",1.0
-103.262778,25.773889,COAH,FIMCL,"Francisco I. Madero, Coah.",0.0
-100.832222,28.82,COAH,LFGCL,"La Fragua, Coah.",0.0
-103.228056,25.527778,COAH,MATCL,"Matamoros, Coah.",0.0
-101.4225,26.908333,COAH,MCVCL,"Observatorio de Monclova, Coah.",4.1
-101.711389,28.013056,COAH,MORELOSMUZQUIZ,"Morelos M˙zquiz, Coah. SMN*",7.0
-100.5325,28.706667,COAH,PNGCL,"Observatorio de Piedras Negras, Coah.",27.9
-101.002222,27.422222,COAH,PRSCL,"Progreso, Coah.",3.0
-100.556944,28.667778,COAH,RIOESCONDIDOC,"RÌo Escondido Villa De Fuentes, Coah. CILA*",13.0
-100.634444,28.898611,COAH,RioSanRodrigoC,"RÌo San Rodrigo cerca El Moral, Piedras Negras Coah., CILA*",12.8
-101.016667,25.376389,COAH,SALCL,"Observatorio de Saltillo, Coah.",1.0
-101.016667,25.376389,COAH,SALTILLOob,"Observatorio de Saltillo, Coah. SMN*",0.6
-100.730833,29.071944,COAH,SANDIEGOC,"San Diego Jimenez, Coah. CILA*",10.5
-101.213056,28.399444,COAH,SANTACECILIA,"Santa Cecilia, Coah. SMN*",7.8
-101.122778,27.846667,COAH,SBNCL,"Sabinas, Coah.",6.5
-100.953889,29.034167,COAH,SMGCL,"San Miguel, Coah.",5.0
-103.699722,27.285278,COAH,SMJCL,"Sierra Mojada, Coah.",0.7
-102.979444,25.7575,COAH,SPECL,"San Pedro, Coah.",0.2
-101.016667,25.376389,COAH,STOCL,"Saltillo, Coah.",2.9
-103.45,25.541667,COAH,TORCL,"Observatorio de TorreÛn, Coah.",0.5
-100.95,27.519444,COAH,VCARRANZA,"Venustiano Carranza, Coah. SMN*",9.8
-100.616111,27.515,COAH,VCRCL,"Venustiano Carranza, Coah.",9.5
-100.898889,29.033889,COAH,ZPTCL,"Zapata, Coah.",7.0
-103.613056,19.2475,COL,BVSCM,"Buenavista, Col.",0.0
-103.725556,18.758611,COL,CDOCM,"Cerro de Ortega, Col.",0.0
-103.702778,19.295,COL,CHNCM,"El Chanal, Col.",3.0
-103.757222,19.3175,COL,CMLCM,"Comala, Col.",0.9
-103.804167,19.2125,COL,CQMCM,"Coquimatl·n, Col.",0.0
-103.6,19.325,COL,CUACM,"CuauhtÈmoc, Col.",0.0
-103.884444,19.111389,COL,DJLCM,"Presa derivadora Jala, Col.",0.0
-110.953611,18.726667,COL,ISOCORROmar,"Isla Socorro, Col. SEMAR*",24.4
-103.866389,19.17,COL,LAECM,"La Esperanza, Col.",0.0
-103.774167,18.809167,COL,LDACM,"Laguna de Amela, Col.",0.0
-103.725278,19.223333,COL,LPSCM,"La Posta, Col.",1.1
-104.297778,19.069167,COL,MANZANILLOmar,"Manzanillo, Col. SEMAR*",3.3
-104.316667,19.046389,COL,MANZANILLOob,"Observatorio de Manzanillo, Col. SMN*",0.0
-104.318611,19.044444,COL,MNZCM,"Observatorio de Manzanillo, Col.",0.1
-103.8125,19.3275,COL,PNTCM,"PeÒitas, Col.",0.0
-104.100556,18.938611,COL,RDRCM,"Radar, Col.",0.0
-103.700833,19.408333,COL,SCHCM,"Suchitl·n, Col.",0.0
-103.9175,19.463611,COL,SMANANTLANI,"Sierra Manatl·n 1, Jal. SMN*",1.0
-103.867778,18.911667,COL,TCMCM,"Tecom·n, Col.",0.0
-103.663333,19.2775,COL,TRPCM,"Trapiche, Col.",1.0
-99.329444,19.3225,DF,ACOPILCO,"Acopilco, Cd. de MÈx. UNAM*",4.9
-99.099722,19.379167,DF,ACULCO,"Planta de Bombeo Aculco, Cd. de MÈx. SACMEX*",16.0
-99.210278,19.218611,DF,AJSDF,"Ajusco, Cd. de MÈx.",5.6
-99.188889,19.214722,DF,AJUSCO,"Ajusco, Cd. de MÈx. UNAM*",13.3
-99.210278,19.218611,DF,AJUSCODF,"Ajusco, Cd. de MÈx. SACMEX*",5.6
-99.174167,19.240833,DF,AMC,"Academia Mexicana de Ciencias, Cd. de MÈx. UNAM*",7.3
-99.118056,19.469722,DF,BONDOJITO,"Bondojito, Cd. de MÈx. UNAM*",2.9
-99.283333,19.436389,DF,BOSQUEREAL,"Bosque Real, MÈx. UNAM*",1.5
-99.195,19.292222,DF,BTLALPAN,"Rebombeo Bosque de Tlalpan, Cd. de MÈx. SACMEX*",1.8
-98.998056,19.356111,DF,CARCELMUJERES,"C·rcel de Mujeres, Cd. de MÈx. SACMEX*",8.4
-99.171667,19.453333,DF,CBIDF,"Escuela Nacional de Ciencias BiolÛgicas IPN, Cd. de MÈx. SMN*",1.8
-99.171667,19.453333,DF,CBIOLOGIPN,"Eescuela Nacional de Ciencias BiolÛgicas IPN, Cd. de MÈx. OCAVM*",1.4
-99.176111,19.326111,DF,CCA,"Centro de Ciencias de la AtmÛsfera, Cd. de MÈx UNAM*",1.4
-99.059722,19.383889,DF,CCHOTE,"CCH Oriente, Cd. de MÈx. UNAM*",9.0
-99.140833,19.483333,DF,CCHVALLEJO,"CCH Vallejo, Cd. de MÈx. UNAM*",1.8
-99.180556,19.346667,DF,CCUDF,"Universidad, Cd. de MÈx.",2.8
-99.082222,19.408611,DF,CDEPORTIVA,"Ciudad Deportiva, Cd. de MÈx. SACMEX*",10.7
-98.999444,19.357222,DF,CDMDF,"C·rcel de Mujeres, Cd. de MÈx.",8.4
-99.1125,19.407778,DF,CDVDF,"Ciudad Deportiva, Cd. de MÈx.",10.7
-99.1375,19.516667,DF,CEADF,"Campamento Amealco, Cd. de MÈx.",2.1
-99.196111,19.311667,DF,CENAPRED,"Centro de Ciencias de la AtmÛsfera CENAPRED, Cd. de MÈx SMN*",1.4
-99.077222,19.336944,DF,CESTRELLA,"Planta de Tratamiento Cerro de La Estrella, Cd. de MÈx. SACMEX*",5.1
-99.171667,19.1375,DF,CFORESTAL,"Caseta Forestal, Cd. de MÈx. SACMEX*",26.7
-99.208333,19.155556,DF,CFSDF,"Caseta Forestal, Cd. de MÈx.",27.4
-99.047222,19.442222,DF,CHAPLAGO,"Planta de Bombeo Churubusco Lago, Cd. de MÈx. SACMEX*",10.7
-99.136667,19.470556,DF,CIENMETROS,"Avenida Cien Metros, Cd. de MÈx. SACMEX*",2.8
-99.182778,19.486944,DF,CMECOAYA,"Campamento Mecoaya, Cd. de MÈx. SACMEX*",3.6
-99.1375,19.469722,DF,CMTDF,"Avenida Cien Metros, Cd. de MÈx.",2.8
-99.183333,19.486389,DF,CMYDF,"Campamento Mecoaya, Cd. de MÈx.",3.6
-99.134722,19.287778,DF,COAPA,"Coapa, Cd. de MÈx. UNAM*",1.7
-99.19,19.3375,DF,CONAGUAOFC,"Conagua Oficinas Centrales, Cd. de MÈx SGT*",2.7
-99.247222,19.306389,DF,CONTRERAS,"Contreras, Cd. de MÈx. UNAM*",2.0
-99.09,19.484722,DF,COYOLDF,"Coyol, Cd. de MÈx. SACMEX*",3.8
-99.196111,19.406389,DF,CTMDF,"Observatorio de Tacubaya, Cd. de MÈx.",6.6
-99.09,19.190278,DF,CTNDF,"San Salvador Cuauhtenco, Cd. de MÈx.",3.8
-99.097222,19.193611,DF,CUAUHTENCO,"Cuauhtenco, Cd. de MÈx. UNAM*",2.8
-99.104722,19.282778,DF,CUEMANCO,"Cuemanco, Cd. de MÈx. UNAM*",0.0
-99.09,19.484167,DF,CYLDF,"Coyol, Cd. de MÈx.",3.8
-99.310556,19.313056,DF,DDELOSLEONES,"Desierto de los Leones, Cd. de MÈx. SACMEX*",8.6
-99.131389,19.431111,DF,DDFDF,"Gobierno de la Ciudad de MÈxico, Cd. de MÈx.",2.0
-99.162778,19.378333,DF,DELVALLE,"Del Valle, Cd. de MÈx. SACMEX*",7.4
-99.309167,19.313333,DF,DTLDF,"Desierto de los Leones, Cd. de MÈx.",8.6
-99.15,19.383333,DF,DVLDF,"Del Valle, Cd. de MÈx.",7.4
-99.151944,19.300556,DF,EAZDF,"Estadio Azteca, Cd. de MÈx.",1.5
-99.151944,19.300278,DF,EAZTECA,"Estadio Azteca, Cd. de MÈx. SACMEX*",1.5
-99.203889,19.271389,DF,ECOGUARDAS,"Ecoguardas Ajusco, Cd. de MÈx. SMN*",2.6
-99.271111,19.373889,DF,ELCARTERO,"Tanque el Cartero, Cd. de MÈx. SACMEX*",2.8
-99.066667,19.377778,DF,ELMORALDF,"Lumbrera Cuatro RÌos El Moral, Cd. de MÈx. SACMEX*",9.7
-99.286667,19.363611,DF,ELYAQUI,"El Yaqui, Cd. de MÈx. SACMEX*",3.1
-99.352778,19.295278,DF,ELZARCO,"El Zarco, MÈx. SACMEX*",5.6
-99.286389,19.3625,DF,EYQDF,"El Yaqui, Cd. de MÈx.",3.1
-99.352222,19.295,DF,EZCDF,"El Zarco, MÈx.",6.1
-99.091667,19.478056,DF,GCNDF,"km 6+250, Cd. de MÈx.",4.7
-99.1325,19.431389,DF,GDF,"Gobierno de la Ciudad de MÈxico, Cd. de MÈx. SACMEX*",2.0
-99.098889,19.458611,DF,GEN101,"Planta Generadora 101, Cd. de MÈx. SACMEX*",2.5
-99.264722,19.304722,DF,HUAYATLA,"Huayatla, Cd. de MÈx. SACMEX*",3.1
-99.2625,19.308056,DF,HYTDF,"Huayatla, Cd. de MÈx.",3.1
-99.181944,19.329722,DF,IIUNAM,"Instituto de IngenierÌa, Cd. de MÈx. UNAM*",1.8
-99.119444,19.496389,DF,INDIOSVER,"Indios Verdes, Cd. de MÈx. UNAM*",2.1
-99.07,19.349722,DF,IZTAPALAPA,"Iztapalapa, Cd. de MÈx. UNAM*",7.9
-98.975,19.339167,DF,LACALDERA,"La Caldera SubestaciÛn elÈctrica Santa LucÌa, MÈx. SACMEX*",8.1
-99.167778,19.281667,DF,LAJOYA,"La Joya, Cd. de MÈx. UNAM*",1.8
-99.020556,19.345,DF,LAQUEBRADORA,"Rebombeo La Quebradora Santa Cruz Meyehualco, Cd. de MÈx. SACMEX*",20.1
-99.310833,19.333333,DF,LAVENTA,"La Venta, Cd. de MÈx. SACMEX*",4.3
-99.120833,19.489722,DF,LINDAVISTA,"Planta de Bombeo Lindavista, Cd. de MÈx. SACMEX*",1.8
-99.069167,19.420833,DF,LOPEZMATEOS,"Planta de Bombeo LÛpez Mateos, Cd. de MÈx. SACMEX*",7.6
-98.978611,19.357778,DF,LOSREYES,"Los Reyes, MÈx. UNAM*",9.1
-99.066667,19.377778,DF,LU4DF,"Lumbrera Cuatro RÌos (El Moral), Cd. de MÈx.",9.7
-99.3,19.340556,DF,LVNDF,"La Venta, Cd. de MÈx.",4.6
-99.283333,19.216667,DF,MAGDF,"Monte Alegre, Cd. de MÈx.",0.5
-99.279722,19.229722,DF,MALEGRE,"Monte Alegre, Cd. de MÈx. SACMEX*",0.3
-99.133889,19.403333,DF,MCARRILLO,Marcos Carrillo Cd. de MÈx. SACMEX*,6.4
-99.133889,19.403333,DF,MCRDF,"Marcos Carrillo, Cd. de MÈx.",6.4
-99.1175,19.356389,DF,MEXICALTZI,"Mexicaltzingo, Cd. de MÈx. UNAM*",3.5
-99.0175,19.196667,DF,MILPAALTA,"Milpa Alta, Cd. de MÈx. UNAM*",3.2
-99.1275,19.365556,DF,MLIBRE,"Planta de Bombeo Municipio Libre, Cd. de MÈx. SACMEX*",7.9
-99.026944,19.187222,DF,MLPDF,"Milpa Alta, Cd. de MÈx.",0.5
-99.233056,19.187778,DF,MZTDF,"Planta Abasolo (Mezontepec), Cd. de MÈx.",0.0
-99.093889,19.246944,DF,NATIVITAS,"Planta Nativitas, Cd. de MÈx. SACMEX*",6.1
-99.243333,19.473889,DF,NAUCALPAN,"Naucalpan, MÈx. UNAM*",2.9
-99.045,19.3025,DF,NOPALERA,"Nopalera, Cd. de MÈx. UNAM*",3.2
-99.165278,19.469167,DF,NSMARIA,"Planta de Bombeo Nueva Santa MarÌa, Cd. de MÈx. SACMEX*",1.8
-99.096389,19.316389,DF,OCSDF,"Organismo de Cuenca Aguas del Valle de MÈcico Sur, Cd. de MÈx.",5.3
-99.098611,19.318333,DF,OFICINAGAVM,"Organismo de Cuenca Aguas del Valle de MÈcico Sur, Cd. de MÈx. SACMEX*",4.8
-99.193611,19.234444,DF,PAMEZONTEPEC,"Planta Abasolo Mezontepec, Cd. de MÈx. SACMEX*",0.0
-99.071667,19.415,DF,PANTITLAN,"Pantitl·n, Cd. de MÈx. UNAM*",8.8
-99.100278,19.379167,DF,PBADF,"Planta de bombeo Aculco, Cd. de MÈx.",16.0
-99.057778,19.433333,DF,PBCDF,"Planta de bombeo Churubusco Lago, Cd. de MÈx.",10.7
-99.119444,19.486667,DF,PBLDF,"Planta de bombeo Lindavista, Cd. de MÈx.",1.8
-99.037778,19.38,DF,PBODF,"Planta de bombeo U.H. EjÈrcito de Oriente, Cd. de MÈx.",6.6
-99.170556,19.435556,DF,PBTDF,"Planta de bombeo Tizoc, Cd. de MÈx.",2.8
-99.201944,19.423889,DF,PCHAPULTEPEC,"Planta Chapultepec, Cd. de MÈx. SACMEX*",1.8
-99.2,19.413056,DF,PCHDF,"Planta Chapultepec, Cd. de MÈx.",2.0
-99.097222,19.455833,DF,PGNDF,"Planta Generadora 101, Cd. de MÈx.",2.5
-99.205556,19.269444,DF,PICACHO,"Picacho, Cd. de MÈx. UNAM*",2.6
-99.076389,19.336944,DF,PLEDF,"Planta de Tratamiento Cerro de La Estrella, Cd. de MÈx.",5.1
-99.068333,19.420278,DF,PLMDF,"Planta de bombeo LÛpez Mateos, Cd. de MÈx.",7.6
-99.126389,19.365278,DF,PMLDF,"Planta de bombeo Municipio Libre, Cd. de MÈx.",7.9
-99.090833,19.246389,DF,PNTDF,"Planta Nativitas, Cd. de MÈx.",7.1
-99.098889,19.384444,DF,PREPA2,"Prepa 2, Cd. de MÈx. UNAM*",15.5
-99.196111,19.403333,DF,PREPA4,"Prepa 4, Cd. de MÈx. UNAM*",7.1
-99.134722,19.307222,DF,PREPA5,"Prepa 5, Cd. de MÈx. UNAM*",2.2
-99.154444,19.513056,DF,PRMDF,"Planta de Tratamiento RÌo de La Magdalena, Cd. de MÈx.",3.8
-99.154444,19.513056,DF,PRRDF,"Planta de Tratamiento RÌo Remedios, Cd. de MÈx.",1.0
-99.05,19.233333,DF,PSLDF,"Planta San Luis, Cd. de MÈx.",10.7
-99.163889,19.468889,DF,PSNDF,"Planta de bombeo Nueva Santa MarÌa, Cd. de MÈx.",1.8
-99.171111,19.263056,DF,PSPDF,"Pueblo San Pedro M·rtir, Cd. de MÈx.",1.8
-99.190278,19.509167,DF,PTRDF,"Planta de Tratamiento Rosario, Cd. de MÈx.",3.6
-99.126111,19.285833,DF,PVCDF,"Planta de bombeo Villa Coapa, Cd. de MÈx.",1.3
-99.143056,19.331944,DF,PXTDF,"Planta de bombeo Xotepingo, Cd. de MÈx.",1.8
-99.167778,19.399167,DF,RADIOCOMDF,"RadiocomunicaciÛn, Cd. de MÈx. SACMEX*",5.3
-99.194167,19.296111,DF,RBTDF,"Rebombeo Bosque de Tlalpan, Cd. de MÈx.",2.0
-99.17,19.4,DF,RCMDF,"Radio ComunicaciÛn, Cd. de MÈx.",5.3
-99.264444,19.288611,DF,RIOMAGDALENA,"Planta de Tratamiento RÌo de La Magdalena, Cd. de MÈx. SACMEX*",3.8
-99.190833,19.51,DF,ROSARIODF,"Planta de Tratamiento Rosario, Cd. de MÈx. SACMEX*",3.6
-99.155278,19.515,DF,RREMEDIOS,"RÌo de los Remedios, Cd. de MÈx. SACMEX*",0.8
-99.136944,19.425,DF,SACMEX,"Sistema de Aguas, Cd. de MÈx. UNAM*",4.9
-99.279444,19.326389,DF,SANBARTOLO,"San Bartolo, Cd. de MÈx. Unam*, Cd. de MÈx. INIFAP*",4.2
-99.266111,19.306389,DF,SANBERNABE,"San BernabÈ, Cd. de MÈx. UNAM*",3.2
-99.239167,19.311667,DF,SANFRANCISCODF,"San Francisco, Cd. de MÈx. SACMEX*",2.0
-99.228056,19.436667,DF,SANJOAQUINDF,"Tanque San JoaquÌn, Cd. de MÈx. SACMEX*",0.8
-99.028889,19.259722,DF,SANLUISDF,"Planta San Luis, Cd. de MÈx. SACMEX*",1.8
-99.265278,19.362222,DF,SANTAFEDF,"Santa Fe Santa LucÌa, Cd. de MÈx. SACMEX*",3.1
-99.275,19.328611,DF,SBADF,"San Bartolo Ameyalco, Cd. de MÈx.",5.8
-99.274167,19.33,DF,SBAMEYALCO,"San Bartolo Ameyalco, Cd. de MÈx. SACMEX*",5.8
-99.028889,19.338333,DF,SCMDF,"Rebombeo La Quebradora (Santa Cruz Meyehualco), Cd. de MÈx.",20.3
-99.122222,19.572222,DF,SGDDF,"Sierra Guadalupe, Cd. de MÈx.",0.0
-99.046389,19.253611,DF,SGREGORIO,"San Gregorio, Cd. de MÈx. UNAM*",3.5
-99.066667,19.466667,DF,SJADF,"San Juan de AragÛn, Cd. de MÈx.",4.5
-99.17,19.262778,DF,SPEDROMARTIR,"San Pedro M·rtir, Cd. de MÈx. SACMEX*",1.5
-99.009722,19.281389,DF,SPPDF,"San Pedro Tl·huac, Cd. de MÈx.",3.1
-98.960556,19.320833,DF,SSCDF,"La Caldera SubestaciÛn elÈctrica Santa LucÌa, MÈx.",8.1
-99.09,19.190556,DF,SSCUAUTENCO,"San Salvador Cuauhtenco, Cd. de MÈx. SACMEX*",3.8
-99.186389,19.455556,DF,TACUBA,"Tacuba, Cd. de MÈx. UNAM*",1.1
-99.2125,19.360833,DF,TARANGO,"Tarango, Cd. de MÈx. SACMEX*",0.3
-99.141389,19.344444,DF,TAXQUENA,"TaxqueÒa, Cd. de MÈx. UNAM*",2.5
-99.145278,19.555833,DF,TCHALMITA,"Tanque Chalmita, Cd. de MÈx. SACMEX*",2.8
-99.1425,19.556111,DF,TCMDF,"Tanque Chalmita, Cd. de MÈx.",2.8
-99.272222,19.373056,DF,TECDF,"Tanque el Cartero, Cd. de MÈx.",3.0
-99.246389,19.333889,DF,TELDF,"Tanque el Lienzo, Cd. de MÈx.",3.6
-98.971111,19.210833,DF,TETELCO,"Tetelco, Cd. de MÈx. SACMEX*",0.5
-99.098889,19.385556,DF,TEZDF,"Tezontle, Cd. de MÈx. SMN*",12.7
-99.170556,19.439444,DF,TIZOC,"Planta de Bombeo Tizoc, Cd. de MÈx. SACMEX*",2.8
-99.079444,19.282778,DF,TLAHUAC,"San Pedro Tl·huac, Cd. de MÈx. SACMEX*",3.1
-99.220833,19.337778,DF,TLIENZO,"Tanque Lienzo, Cd. de MÈx. SACMEX*",3.6
-99.211667,19.399167,DF,TNGDF,"Tri·ngulo, Cd. de MÈx.",5.3
-99.152778,19.208611,DF,TOPILEJO,"Topilejo, Cd. de MÈx. UNAM*",10.9
-99.135833,19.199444,DF,TOPILEJODF,"Topilejo, Cd. de MÈx. SACMEX*",3.1
-99.082222,19.441111,DF,TPENON,"Tanque PeÒÛn, Cd. de MÈx. SACMEX*",3.3
-99.135833,19.199444,DF,TPJDF,"Topilejo, Cd. de MÈx.",4.3
-99.084722,19.440833,DF,TPNDF,"Tanque PeÒÛn, Cd. de MÈx.",3.5
-99.2125,19.361944,DF,TRGDF,"Tarango, Cd. de MÈx.",0.3
-99.218056,19.397222,DF,TRIANGULO,"Tri·ngulo, Cd. de MÈx. SACMEX*",5.3
-99.248611,19.316667,DF,TSFDF,"Tanque San Francisco, Cd. de MÈx.",2.0
-99.228611,19.436389,DF,TSJDF,"Tanque San JoaquÌn, Cd. de MÈx.",0.8
-99.264444,19.359722,DF,TSLDF,"Santa Fe (Santa LucÌa), Cd. de MÈx.",3.1
-98.970833,19.210278,DF,TTLDF,"Tetelco, Cd. de MÈx.",0.5
-99.01,19.250278,DF,TULYEHUALC,"Tulyehualco, Cd. de MÈx. UNAM*",3.2
-99.189444,19.503333,DF,UAMAZC,"UAM Azcapotzalco, Cd. de MÈx. UNAM*",5.3
-99.036944,19.379444,DF,UEDEO,"Planta de Bombeo U.H. EjÈrcito de Oriente, Cd. de MÈx. SACMEX*",6.6
-99.181111,19.3475,DF,UNIVERSIDADDF,"Universidad, Cd. de MÈx. SACMEX*",2.8
-99.211667,19.510278,DF,VDCDF,"Vaso de Cristo, MÈx.",0.0
-99.276111,19.372222,DF,VHERMOSA,"Vista Hermosa, Cd. de MÈx. UNAM*",2.5
-99.126389,19.286667,DF,VILLACOAPA,"Planta de Bombeo Villa Coapa, Cd. de MÈx. SACMEX*",1.0
-99.106667,19.250278,DF,XOCHIMILCO,"Xochimilco, Cd. de MÈx. UNAM*",5.4
-99.144444,19.332778,DF,XOTEPINGO,"Planta de Bombeo Xotepingo, Cd. de MÈx. SACMEX*",1.5
-99.149167,19.372778,DF,ZAPATA,"Zapata, Cd. de MÈx. UNAM*",8.1
-104.810278,24.538333,DGO,CBRDR,"Caboraca, Dgo.",0.0
-104.123333,26.521667,DGO,CEBDR,"Ceballos, Dgo.",1.0
-104.121111,24.4375,DGO,CGVDR,"Ciudad Guadalupe Victoria, Dgo.",0.0
-103.521667,25.533333,DGO,CLRDR,"Ciudad Lerdo, Dgo.",0.0
-103.698889,24.871944,DGO,CNCDR,"CuencamÈ, Dgo.",0.0
-104.666667,24.033333,DGO,DRGDR,"Durango, Dgo.",0.0
-103.960833,24.001667,DGO,FVLDR,"Francisco Villa, Dgo.",0.0
-103.773611,25.270833,DGO,FZRDR,"Francisco Zarco, Dgo.",0.0
-105.25,25.5,DGO,GESDR,"General Escobedo, Dgo.",2.0
-105.955556,25.934722,DGO,GNCDR,"Guanacevit, Dgo.",4.0
-104.9225,24.803889,DGO,GUADR,"GuatimapÈ, Dgo.",0.0
-104.753056,23.961111,DGO,GVCDR,"Presidente Guadalupe Victoria, Dgo.",0.0
-103.983333,26.549722,DGO,LAFLOR,"La Flor de Jimulco, Dgo. SMN*",0.0
-104.785,23.711389,DGO,LASBAYAS2,"Las Bayas 2, Dgo. SGT*",0.0
-105.015833,25.594167,DGO,LCRDR,"L·zaro C·rdenas, Dgo.",0.6
-103.283889,25.068056,DGO,LFLDR,"La Flor, Coah.",0.0
-105.466111,24.185833,DGO,LVEDR,"Las Vegas, Dgo. SMN*",6.3
-103.7475,26.686389,DGO,MAPIMI,"MapimÌ, Dgo. SMN*",0.0
-104.246944,23.387778,DGO,MICHILIA,"La Michilia, Dgo. SMN*",2.6
-105.041667,23.834167,DGO,NAVDR,"NavÌos Viejos, Dgo.",0.0
-104.656667,24.203889,DGO,PAGDR,"PeÒa del ¡guila, Dgo.",0.0
-104.333056,24.538333,DGO,PDCDR,"P·nuco de Coronado, Dgo.",0.0
-104.558333,25.181944,DGO,RDODR,"Rodeo, Dgo.",0.0
-105.443056,25.225,DGO,SACDR,"SalomÈ Acosta, Dgo.",6.5
-104.675833,23.874444,DGO,SBYDR,"Santiago Bayacora, Dgo.",0.0
-103.353056,24.469167,DGO,SCLDR,"Santa Clara, Dgo.",0.0
-105.560833,26.436667,DGO,SGBDR,"San Gabriel, Dgo.",8.0
-102.778056,24.630556,DGO,SJGDR,"San Juan de Guadalupe, Dgo.",0.0
-105.353333,23.691111,DGO,SLTDR,"El Salto, Dgo.",16.0
-105.366667,25.953333,DGO,SMODR,"Santa MarÌa del Oro, Dgo.",3.2
-104.2925,25.564167,DGO,SPGDR,"San Pedro del Gallo, Dgo.",0.0
-105.422222,25.0375,DGO,SPPDR,"Santiago Papasquiaro, Dgo.",1.4
-105.566667,26.084444,DGO,SRDDR,"Sardinas, Dgo.",0.0
-106.538056,24.702222,DGO,TDRDR,"El Tule del Real, Dgo.",14.0
-102.785,24.563056,DGO,TGRDR,"El Tigre, Dgo.",0.0
-103.441667,26.1125,DGO,THODR,"Tlahualilo, Dgo.",0.5
-105.725,25.341111,DGO,TLHDR,"Observatorio de Tepehuanes, Dgo.",1.4
-106.975,24.933333,DGO,TMZDR,"Tamazula, Dgo.",5.1
-103.979722,23.737778,DGO,VGCDR,"Vicente Guerrero, Dgo.",0.0
-104.928889,26.2425,DGO,VHGDR,"Villa Hidalgo, Dgo.",4.0
-105.5025,26.440556,DGO,VILLAOCAMPO,"Villa Ocampo, Dgo. SMN*",6.0
-105.506111,26.447778,DGO,VOCDR,"Villa Ocampo, Dgo.",6.0
-99.906667,16.849722,GRO,ACAGR,"Acapulco, Gro.",0.0
-99.749167,16.762778,GRO,ACUGR,"Acapulco, Gro. SMN*",0.6
-99.516944,17.576389,GRO,AERGR,"Observatorio de Chilpancingo Aeropuerto, Gro.",1.7
-100.5175,18.075833,GRO,AFIGR,"AndrÈs Figueroa, Gro.",0.0
-98.975278,17.719722,GRO,AHUGR,"Ahuacuotzingo, Gro.",8.4
-100.433333,17.210278,GRO,ATYGR,"Atoyac, Gro.",0.0
-99.1,16.949444,GRO,AYUGR,"Ayutla, Gro.",0.0
-99.400833,18.459444,GRO,BVSGR,"Buena Vista, Gro.",5.0
-100.664444,18.359444,GRO,CALGR,"Ciudad Altamirano, Gro.",0.0
-99.701111,17.672222,GRO,CCHGR,"Chichihualco, Gro.",0.0
-100.089444,17.008889,GRO,CDBGR,"Coyuca de BenÌtez, Gro.",0.0
-99.5,17.545278,GRO,CHIGR,"Chilpancingo, Gro.",3.0
-98.411944,16.47,GRO,CNLGR,"Cuajinicuilapa, Gro.",0.0
-101.054444,17.376944,GRO,CYQGR,"Coyuquilla, Gro.",0.0
-99.995556,17.947778,GRO,ECAGR,"Ing. Carlos RamÌrez Ulloa, Gro.",0.0
-99.332778,18.3025,GRO,HTZGR,"Huitzuco, Gro.",3.6
-99.55,18.349722,GRO,IGLGR,"Iguala, Gro.",1.6
-98.513333,17.6225,GRO,IXTGR,"Ixcateopan de Tlapa, Gro.",5.2
-99.783333,16.966667,GRO,K21GR,"km 21, Gro.",0.0
-99.233611,16.7575,GRO,LASVIGAS,"Las Vigas, Gro. ProtecciÛn Civil*",0.6
-101.003056,18.418611,GRO,LCLGR,"La Calera, Gro.",0.0
-100.018056,16.958333,GRO,LDCGR,"Laguna de Coyuca, Gro.",0.0
-99.369167,17.471111,GRO,MCHGR,"Mochitl·n, Gro.",2.8
-99.799722,16.8,GRO,ODAGR,"Observatorio de Acapulco, Gro.",0.0
-99.5,17.6,GRO,ODZGR,"Observatorio de Zumpango, Gro.",2.6
-98.735,17.777222,GRO,OLNGR,"Olinal·, Gro.",9.0
-98.433333,16.683333,GRO,OMEGR,"Ometepec, Gro.",0.0
-99.45,17.483333,GRO,PETGR,"Petaquillas, Gro.",6.5
-98.500556,16.655833,GRO,QTZGR,"Quetzala, Gro.",0.0
-100.472778,17.139444,GRO,SJEGR,"San JerÛnimo, Gro.",0.0
-99.605278,18.554444,GRO,TAXGR,"Taxco, Gro.",2.5
-99.526389,17.1675,GRO,TCOGR,"Tierra Colorada, Gro.",0.0
-99.976389,17.789722,GRO,TLAGR,"Tlacotepec, Gro.",1.3
-98.6,17.5,GRO,TLPGR,"Tlapa, Gro.",5.9
-99.399444,17.568056,GRO,TXTGR,"Tixtla, Gro.",2.0
-100.265833,18.382778,GRO,VGRGR,"Vicente Guerrero, Gro.",0.0
-99.466111,18.295833,GRO,VTRGR,"Valerio Trujano, Gro.",0.0
-98.488333,17.903889,GRO,XXHGR,"Xochihuehuetl·n, Gro.",0.0
-99.933333,17.603333,GRO,YXTGR,"Yextla, Gro.",0.0
-101.548889,17.645278,GRO,ZHTGR,"Zihuatanejo, Gro.",0.0
-101.554167,17.645,GRO,ZIHUATANEJO,"Zihuatanejo, Gro. SMN*",0.0
-101.536667,20.446944,GTO,ABSGJ,"Abasolo, Gto.",1.2
-100.712222,20.0325,GTO,ACNGJ,"Ac·mbaro, Gto.",7.0
-100.5825,20.553889,GTO,AMCGJ,"Ameche, Gto.",0.0
-100.620833,20.454167,GTO,APSGJ,"Apaseo el Alto, Gto.",0.0
-101.625556,20.499167,GTO,ATBGJ,"Agua Tibia, Gto.",0.0
-101.631667,21.2925,GTO,BARBOSA,"Barbosa, Gto. ProtecciÛn Civil*",20.3
-101.838333,21.048611,GTO,BRRGJ,"El Barrial, Gto.",0.2
-100.816667,20.536389,GTO,CLYGJ,"Celaya, Gto.",0.2
-101.474722,21.068056,GTO,COMGJ,"Comanjilla, Gto.",2.0
-100.363333,20.198333,GTO,CORGJ,"Coroneo, Gto.",6.3
-101.666667,20.616667,GTO,CRMGJ,"Cuer·maro, Gto.",0.0
-100.962778,20.487778,GTO,CRTGJ,"Cort·zar, Gto.",2.0
-100.9,20.95,GTO,CSRGJ,"Cinco SeÒores, Gto.",9.0
-101.6675,21.195556,GTO,CSTGJ,"Los Castillos, Gto.",24.2
-100.933333,21.15,GTO,DHGGJ,"Dolores Hidalgo, Gto.",0.0
-101.835278,21.05,GTO,EBAGJ,"El Barrial, Gto.",3.8
-100.9,20.279722,GTO,ECBGJ,"El Cubo, Gto.",0.0
-101.244444,20.872222,GTO,ECHGJ,"El ChapÌn, Gto.",5.0
-101.37,20.715833,GTO,ECNGJ,"El Conejo, Gto.",2.5
-101.678889,21.173611,GTO,EPLGJ,"El Palote, Gto.",18.0
-101.996667,20.800556,GTO,FRIAS,"FrÌas, Gto. ProtecciÛn Civil*",0.8
-101.7425,20.439167,GTO,GLNGJ,"La Golondrina, Gto.",0.0
-101.266111,21.014167,GTO,GTOGJ,"Observatorio de Guanajuato, Gto.",7.8
-101.25,21.016667,GTO,GUANAJUATOob,"Observatorio de Guanajuato, Gto. SMN*",7.2
-100.825833,20.848056,GTO,IALGJ,"Ignacio Allende, Gto.",5.5
-101.35,20.683333,GTO,IRPGJ,"Irapuato, Gto.",4.0
-100.518333,20.145556,GTO,JCRGJ,"JerÈcuaro, Gto.",2.6
-101.844167,20.675278,GTO,LADGJ,"Las Adjuntas, Gto.",1.8
-101.286111,20.861944,GTO,LAPURISIMAGJ,"La PurÌsima, Gto. SGT*",1.4
-101.073056,20.286944,GTO,LDYGJ,"Laguna de Yuriria, Gto.",0.0
-101.693333,21.136389,GTO,LENGJ,"LeÛn, Gto.",10.0
-100.883611,20.398333,GTO,LGVGJ,"Presa la Gavia, Gto.",0.0
-101.358889,20.276111,GTO,LJIGJ,"Las JÌcamas, Gto.",1.0
-101.107778,21.324167,GTO,LQMGJ,"La Quemada, Gto.",4.0
-100.501944,21.223611,GTO,MINERALPOZOS,"Mineral de Pozos, Gto. ProtecciÛn Civil*",3.0
-101.48,21.65,GTO,OCMGJ,"Ocampo, Gto.",3.0
-101.111389,20.5225,GTO,PERGJ,"Pericos, Gto.",0.0
-100.878333,21.105,GTO,PNLGJ,"PeÒuelitas, Gto.",2.7
-100.496111,21.22,GTO,POZGJ,"Pozos, Gto.",7.5
-101.287778,20.867222,GTO,PRSGJ,"La PurÌsima, Gto.",3.9
-101.216667,21.483333,GTO,SFEGJ,"San Felipe, Gto.",13.5
-101.199444,20.565833,GTO,SLMGJ,"Salamanca, Gto.",2.5
-100.516667,21.3,GTO,SLPGJ,"San Luis de la Paz, Gto.",21.0
-100.669722,20.055278,GTO,SLSGJ,"SolÌs, Gto.",5.0
-100.885833,20.216667,GTO,SLVGJ,"Salvatierra, Gto.",4.4
-101.016389,20.430833,GTO,SMAGJ,"San Miguel de Allende, Gto.",2.0
-100.745833,20.577778,GTO,SMOGJ,"San Miguel Octopan, Gto.",0.0
-101.066944,20.298333,GTO,SRTGJ,"Santa Rita, Gto.",1.7
-101.3,20.6,GTO,TEMGJ,"TemascatÌo, Gto.",8.5
-101.178889,20.382778,GTO,VDSGJ,"Valle de Santiago, Gto.",0.0
-100.0925,21.298889,GTO,XICGJ,"Xich˙, Gto.",9.9
-98.941667,20.268056,HGO,ACTHD,"Actopan, Hgo.",9.3
-98.348056,21.019444,HGO,ATCHD,"Atlapexco, Hgo.",29.8
-98.716111,20.185556,HGO,ELCHICO,"El Chico, Hgo. SMN*",11.6
-99.36,20.163889,HGO,ENDHD,"EndhÛ, Hgo.",0.0
-98.076111,20.46,HGO,HHTHD,"Huehuetla, Hgo.",112.6
-98.416667,21.15,HGO,HJTHD,"Huejutla, Hgo.",17.0
-99.220833,20.481944,HGO,IXMHD,"Ixmiquilpan, Hgo.",1.0
-98.128333,20.135833,HGO,LAGUNA,"La Laguna, Hgo. FENIX*",41.2
-98.757222,20.591667,HGO,LMTHD,"Metztitl·n, Hgo.",0.0
-99.220278,20.873333,HGO,MARMOLES,"Los M·rmoles, Hgo. SMN*",6.0
-99.218611,20.2375,HGO,MXQHD,"Mixquiahuala, Hgo.",1.0
-98.6,21.166667,HGO,ORZHD,"San Felipe Orizatl·n, Hgo.",40.3
-98.7475,20.123333,HGO,PCOHD,"Observatorio de Pachuca, Hgo.",3.1
-98.334722,20.0575,HGO,PERHD,"La Esperanza, Hgo.",7.3
-99.329444,20.359722,HGO,PRGHD,"Javier Rojo GÛmez, Hgo.",0.0
-99.310833,19.963056,HGO,PRQHD,"Requena, Hgo.",0.0
-99.375833,20.435556,HGO,PVAHD,"Vicente Aguirre, Hgo.",1.0
-98.369444,20.083333,HGO,TLGHD,"Observatorio de Tulancingo, Hgo.",8.8
-99.385278,19.834722,HGO,TXMHD,"Taxhimay, MÈx.",0.0
-98.647222,20.652778,HGO,ZXTHD,"Zacualtip·n, Hgo.",61.9
-103.133333,20.316667,JAL,ACHAPALAGDL,"Acueducto Chapala Guadalajara, Jal. SGT*",1.4
-102.436944,21.599444,JAL,AJJJL,"Ajoj˙car, Jal.",0.0
-103.091944,20.397222,JAL,ATQJL,"Atequiza, Jal.",0.0
-103.446389,20.746667,JAL,BAZJL,"Base AÈrea Zapopan, Jal.",2.2
-104.061111,19.913611,JAL,BBAJL,"Basilio Vadillo, Jal.",0.0
-103.724444,22.406111,JAL,BCSJL,"Bocas, Jal.",0.0
-103.464722,19.730556,JAL,CDGUZMANob,"Observatorio de Ciudad Guzm·n, Jal. SMN*",6.0
-103.465278,19.697778,JAL,CGZJL,"Observatorio de Ciudad Guzm·n, Jal.",7.2
-104.555278,19.627778,JAL,CHFJL,"El ChiflÛn, Jal",0.0
-102.774167,19.287778,JAL,CHLMC,"ConstituciÛn de Apatzing·n, Jal.",0.0
-104.566667,19.233333,JAL,CIHJL,"Cihuatl·n, Jal.",0.0
-103.25,22.133333,JAL,CLTJL,"Observatorio de Colotl·n, Jal.",0.9
-105.129722,19.9975,JAL,CPEJL,"CajÛn de PeÒa, Jal.",0.0
-101.7375,21.497778,JAL,CRTJL,"El Cuarenta, Jal.",0.0
-105.05,20.583333,JAL,CULJL,"Cuale, Jal.",0.0
-102.85,21.133333,JAL,CUNJL,"La CuÒa, Jal.",1.1
-103.45,21.066667,JAL,CXTJL,"Cuixtla, Jal.",0.0
-103.333333,20.733333,JAL,EXPJL,"La Experiencia, Jal.",0.0
-103.39,20.71,JAL,GUADALAJARAob,"Observatorio de Guadalajara , Jal. SMN*",0.0
-103.373889,20.672778,JAL,GUAJL,"Guadalajara Centro, Jal.",0.0
-103.392778,20.706667,JAL,GUCJL,"Observatorio de Guadalajara, Jal.",0.0
-103.651111,20.466944,JAL,HRTJL,"Hurtado, Jal.",2.0
-102.25,20.483333,JAL,HUAJL,"Huascato, Jal.",0.0
-102.705833,20.293889,JAL,JMYJL,"Jamay, Jal.",0.0
-103.201667,20.290556,JAL,LDCJL,"Lago de Chapala, Jal.",1.2
-101.919722,21.359722,JAL,LDMJL,"Lagos de Moreno, Jal.",1.3
-101.941944,21.348333,JAL,LMORENOob,"Observatorio de Lagos de Moreno, Jal. SMN*",1.4
-103.590833,19.592222,JAL,NEVADOCOLIMA,"Nevado de Colima, Jal. SMN*",13.0
-103.361667,20.583889,JAL,PITJL,"ProtecciÛn a Infraestructura y AtenciÛn a Emergencias, Jal.",0.0
-104.105833,21.196944,JAL,PLYJL,"Ing. Alfredo ElÌas Ayub, Jal.",0.0
-104.05,20.55,JAL,RAMJL,"RÌo Ameca, Jal.",1.1
-105.133611,19.998611,JAL,RIOTOMATLAN,"RÌo Tomatl·n, Jal. SMN*",1.3
-102.716667,20.4,JAL,RIOZULA,"RÌo Zula, Jal. SGT*",1.6
-101.85,21.35,JAL,SAUJL,"La Sauceda, Jal.",2.2
-102.5,21.3,JAL,SGRJL,"San Gaspar de los Reyes, Jal.",0.9
-103.705556,20.908889,JAL,SRSJL,"Manuel M. DiÈguez, Jal.",0.0
-102.583333,21.45,JAL,TCAJL,"Teocaltiche, Jal.",0.0
-104.320278,20.036111,JAL,TCTJL,"Tacot·n, Jal.",0.0
-103.198611,22.171944,JAL,TENJL,"Tenasco, Jal.",0.0
-103.044167,20.169167,JAL,TIZJL,"Tizap·Ån, Jal. SMN*",0.0
-103.316667,20.583333,JAL,TLAJL,"Tlaquepaque, Jal.",0.0
-103.419444,20.4425,JAL,TLAJOMULCO,"Tlajomulco, Jal. SMN*",0.0
-104.370278,19.976111,JAL,TMLJL,"RamÛn Corona Madrigal General, Jal.",0.0
-103.396667,18.967222,JAL,TRJCM,"Solidaridad, Jal.",0.0
-103.183333,20.15,JAL,TUXCUECA,"Tuxcueca, Jal. SGT*",0.0
-103.845833,20.596389,JAL,VEGJL,"Ing. Santiago Camarena, Jal.",5.0
-102.729444,20.395278,JAL,ZULJL,"Zula rÌo, Jal.",1.5
-99.377222,19.377222,MEX,2RSMX,"Dos RÌos, MÈx.",0.0
-99.216667,19.566667,MEX,ARBMX,"Las Arboledas, MÈx.",4.0
-98.912222,19.543611,MEX,ATEMX,"Atenco, MÈx.",12.0
-99.866667,19.783333,MEX,ATLMX,"Atlacomulco, MÈx. SMN*",4.8
-99.866667,19.783333,MEX,ATPMX,"Atlacomulco Prepa., MÈx.",16.8
-99.184722,19.580833,MEX,BARRIENTOS,"Planta de Bombeo Barrientos, MÈx. SACMEX*",1.3
-99.589444,19.775,MEX,BUFMX,"La ConcepciÛn, MÈx.",1.5
-99.7,19.333333,MEX,CALMX,"Calixtlahuaca, MÈx.",2.2
-99.52,19.566389,MEX,CCAMX,"Cerro Catedral, MÈx. SMN*",9.1
-99.298611,19.406667,MEX,CDBMX,"CaÌda del Borracho, MÈx.",0.3
-99.298611,19.406667,MEX,CDELBORRACHO,"CaÌda del Borracho, MÈx. SACMEX*",0.3
-99.511667,19.205,MEX,CGCMX,"Gerencia Conagua CODAGEM, MÈx.",0.0
-99.4675,18.795833,MEX,CHDMX,"Colonia Hidalgo, MÈx",44.4
-99.108333,19.515556,MEX,CHICONAUTLAII,"Chiconautla 2, MÈx. SACMEX*",0.3
-100.152778,19.350556,MEX,CHIMX,"Chilesdo, MÈx.",0.0
-98.884722,19.483333,MEX,CHPMX,"Chapingo, MÈx.",15.5
-99.239444,19.534167,MEX,CLYMX,"Calacoaya, MÈx.",1.5
-99.304444,19.695,MEX,CNPMX,"La ConcepciÛn, MÈx.",1.5
-99.631667,19.292222,MEX,COBMX,"Observatorio de Toluca, MÈx.",0.7
-100.225,19.178889,MEX,COLMX,"Colorines, MÈx.",0.0
-99.559722,19.884722,MEX,DNXMX,"DanxhÛ, MÈx.",0.0
-99.334444,19.383611,MEX,ELVENADO,"El Venado, MÈx. SACMEX*",0.0
-99.238333,19.453611,MEX,EMOMX,"El Molinito RÌo Hondo, MÈx.",1.5
-98.917222,19.578889,MEX,GRDMX,"La Grande, MÈx.",11.0
-99.696944,20.046389,MEX,HPNMX,"Huapango, MÈx.",0.0
-99.769444,19.5675,MEX,IXCMX,"Ixtlahuaca, MÈx.",1.9
-98.643056,19.095556,MEX,IXTAPOPO,"Ixtapopo, MÈx. SMN*",21.0
-99.05,19.633333,MEX,K27MX,"km 27+250, MÈx.",4.0
-100.075833,19.383333,MEX,LBEMX,"Los Berros, MÈx.",0.0
-99.220833,19.477778,MEX,MBLMX,"Molino Blanco, MÈx.",1.0
-99.683333,19.116667,MEX,NEVMX,"Nevado de Toluca, MÈx. SMN*",0.3
-99.193611,19.616667,MEX,OBSMX,"San MartÌn Obispo, MÈx.",12.8
-99.420833,18.990833,MEX,OCUMX,"Ocuil·n de Arteaga, MÈx.",6.0
-99.254722,19.429722,MEX,PALMASDF,"Palmas, MÈx. SACMEX*",0.5
-99.175,19.575,MEX,PBTMX,"Planta de bombeo Barrientos, MÈx.",1.3
-99.025,19.65,MEX,PCCMX,"Planta Chiconautla 2, MÈx.",0.5
-99.181944,19.743056,MEX,PCGMX,"Puente Colgante, MÈx.",5.0
-99.010278,19.636944,MEX,PCTMX,"Planta Chiconautla 1, MÈx.",1.5
-99.790278,19.829167,MEX,PFBMX,"Francisco JosÈ Trinidad Fabela, MÈx.",2.0
-99.775,19.461667,MEX,PIRMX,"Ignacio RamÌrez, MÈx.",1.0
-99.248889,19.429444,MEX,PLMMX,"Palmas, MÈx.",0.5
-99.260833,19.526944,MEX,PMDMX,"MadÌn, MÈx.",1.5
-99.739722,20.124167,MEX,PMNMX,"El Molino, MÈx.",0.0
-99.864444,20.038611,MEX,PNDMX,"—adÛ, MÈx.",7.0
-99.268056,19.524444,MEX,PREMX,"Presa MadÌçn, MÈx. SMN*",1.0
-99.283333,19.453611,MEX,PTLMX,"Presa Totolica, MÈx.",0.8
-99.603333,19.213333,MEX,RECMX,"RectorÌa, MÈx.",0.0
-98.911111,19.530556,MEX,SADMX,"San AndrÈs, MÈx.",11.1
-99.704722,19.465833,MEX,SBBMX,"JosÈ Antonio Alzate, MÈx.",0.0
-98.870833,19.190278,MEX,SLAMX,"San Luis Ameca, MÈx.",4.2
-99.741667,19.591667,MEX,SLBMX,"San Bartolo del Llano, MÈx.",1.0
-99.8,19.633333,MEX,SMLMX,"Santa MarÌa del Llano, MÈx.",10.0
-99.285,19.574444,MEX,SNJMX,"San Juan, MÈx",4.4
-98.858611,19.644722,MEX,SNLMX,"San Lucas, MÈx",10.2
-99.799167,19.343056,MEX,TBRMX,"Tres Barrancas, MÈx.",0.5
-99.935833,18.931389,MEX,TESMX,"Texcaltitl·n, MÈx.",0.3
-99.905278,19.856944,MEX,TJCMX,"El Tejocote, MÈx.",3.3
-99.714167,19.291111,MEX,TOLUCAob,"Observatorio de Toluca, MÈx. SMN*",0.4
-99.283333,19.453889,MEX,TOTMX,"Totolica, MÈx",0.8
-99.961389,19.660833,MEX,TPTMX,"San AndrÈs Tepetitl·n, MÈx.",0.0
-99.6125,19.429167,MEX,TROMX,"Trojes, MÈx.",7.6
-99.283056,19.4525,MEX,TTLMX,"Totolica hidromÈtrica, MÈx.",1.0
-99.123889,19.904722,MEX,TTQMX,"Tajo de Tequixquiac, MÈx",0.0
-100.084722,19.375556,MEX,VALLEDEBRAVO,"Valle de Bravo, MÈx. SMN*",0.2
-99.213611,19.510833,MEX,VASOCRISTO,"Vaso de Cristo, MÈx. SACMEX*",0.0
-100.18,19.2075,MEX,VBRMX,"Valle de Bravo, MÈx.",0.0
-99.334167,19.382222,MEX,VNDMX,"El Venado, MÈx.",0.3
-100.055556,19.461667,MEX,VVCMX,"Villa Victoria, MÈx.",5.5
-101.99,20.231389,MICH,ADUMC,"Adjuntas, Mich.",0.0
-100.608889,19.579722,MICH,AGOMC,"Agostitl·n, Mich.",0.0
-101.661111,19.926111,MICH,AMEMC,"Aristeo Mercado, Mich.",0.0
-102.371111,19.083056,MICH,APTMC,"Apatzing·n, Mich.",0.0
-102.419167,20.183889,MICH,BIBMC,"Barraje de Ibarra, Mich.",0.0
-101.461389,20.324167,MICH,CBLMC,"Casa Blanca, Mich.",0.5
-102.265278,19.973611,MICH,CHAMC,"Chaparaco, Mich.",0.0
-100.55,19.7,MICH,CHIMC,"Ciudad Hidalgo, Mich.",1.5
-100.9,18.5,MICH,CMNMC,"Caimanera, Mich.",0.0
-101.259167,19.629722,MICH,COIMC,"CoÌntzio, Mich.",0.0
-101.861667,20.207222,MICH,CORMC,"Corrales, Mich.",0.0
-100.421111,19.387778,MICH,DBOMC,"El Bosque, Mich.",0.0
-102.436944,20.304444,MICH,DGNMC,"De Gonzalo, Mich.",0.0
-100.45,19.966667,MICH,EGIMC,"El Gigante, Mich.",0.0
-102.541389,19.979167,MICH,GUAMC,"Guaracha, Mich.",0.0
-101.883333,18.266667,MICH,INFMC,"Infiernillo, Mich.",0.0
-102.601944,19.958333,MICH,JARMC,"Jaripo, Mich.",0.0
-101.626667,20.248889,MICH,LANMC,"Los ¡ngeles, Mich.",0.0
-100.406389,19.838056,MICH,LDFMC,"Laguna del Fresno, Mich.",0.0
-102.865556,19.210833,MICH,LOLMC,"Los Olivos, Mich.",0.0
-102.004444,20.354444,MICH,LPDMC,"La Piedad, Mich.",0.0
-102.133333,18.848611,MICH,LPNMC,"Los Panches, Mich.",0.0
-102.2,18.8,MICH,LPSMC,"La PastorÌa, Mich.",0.0
-101.2,18.8,MICH,LPZMC,"Los Pinzanes, Mich.",0.0
-101.1,19.7,MICH,MCEMC,"Morelia Centro, Mich.",0.2
-102.205833,18.023056,MICH,MLCMC,"Melchor Ocampo L.C., Mich.",0.0
-100.873611,19.829167,MICH,MLPMC,"MalpaÌs, Mich.",0.0
-100.277778,19.670833,MICH,MMONARCAI,"Mariposa Monarca 1, Mich. SMN*",7.8
-101.2,19.7,MICH,MNOMC,"Morelia Norte, Mich.",0.0
-101.724444,20.127222,MICH,MOCMC,"Melchor Ocampo, Mich.",0.5
-101.176111,19.688611,MICH,MORMC,"Observatorio de Morelia, Mich.",0.3
-100.879167,19.835556,MICH,MPSMC,"MalpaÌs, Mich. SGT*",0.0
-100.439167,19.890833,MICH,MRVMC,"MaravatÌo, Mich.",2.0
-102.325,19.964167,MICH,ORAMC,"Orandino, Mich.",0.0
-101.05,19.49,MICH,PDBMC,"Planta de Bombeo, Mich.",0.0
-101.6,20.3,MICH,PORMC,"Pastor Ortiz, Mich.",1.4
-100.684167,19.621389,MICH,PUCMC,"Pucuato, Mich.",1.5
-102.136944,19.961389,MICH,PUREPETIRO,"Presa Urepetiro, Mich. SGT*",0.0
-102.716667,20.066667,MICH,SAHMC,"Sahuayo, Mich.",0.0
-102.464722,20.208333,MICH,SCRMC,"San CristÛbal, Mich.",3.0
-102.651389,19.839444,MICH,SJUMC,"San Juanico, Mich.",0.0
-102.4,20.1,MICH,SSIMC,"San SimÛn, Mich.",0.0
-100.229167,20.000278,MICH,TEPMC,"Tepuxtepec, Mich.",0.5
-100.229167,20.000556,MICH,TEPUXTEPECF,"Tepuxtepec, Mich. FENIX*",1.5
-100.299167,19.766389,MICH,TMUMC,"Tercer Mundo, Mich.",0.6
-102.137778,19.962222,MICH,UREMC,"Urepetiro, Mich.",0.0
-102.079167,19.42,MICH,URUAPAN,"Uruapan, Mich. SMN*",16.1
-102.180278,18.048333,MICH,VILMC,"JosÈ MarÌa Morelos y PavÛn, Mich.",0.0
-101.45,19.55,MICH,VJIMC,"Villa JimÈnez, Mich.",0.0
-102.242222,20.339444,MICH,YURMC,"YurÈcuaro, Mich.",1.0
-102.284167,20.006667,MICH,ZAMMC,"Observatorio de Zamora, Mich.",0.0
-102.316667,19.983333,MICH,ZAMORAob,"Observatorio de Zamora, Mich. SMN*",0.0
-101.931944,18.921111,MICH,ZICMC,"Zicuir·n, Mich.",0.0
-100.828611,19.860278,MICH,ZINMC,"ZinapÈcuaro, Mich.",0.0
-98.829167,18.947222,MOR,ACHMR,"Achichipico, Mor.",6.8
-99.258056,18.734722,MOR,ALUMR,"Alpuyeca, Mor.",11.9
-99.376944,18.596111,MOR,AMCMR,"Amacuzac, Mor.",11.6
-98.928056,18.948889,MOR,ATLMR,"Atlatlahucan, Mor.",6.3
-98.948889,18.808611,MOR,CUAMR,"Cuautla, Mor.",0.0
-99.2,18.9,MOR,CUEMR,"Cuernavaca, Mor.",12.0
-98.786667,18.690556,MOR,ELPMR,"El PeÒÛn, Mor.",1.3
-99.180278,18.573889,MOR,HIGMR,"HiguerÛn, Mor.",2.0
-99.424167,18.608333,MOR,HUAMR,"Huajintl·n, Mor.",17.0
-99.265,19.028889,MOR,HUIMR,"Huitzilac, Mor.",10.4
-99.025,18.441389,MOR,HUTMR,"Huautla, Mor.",0.0
-99.158611,18.883611,MOR,IMTMR,"Instituto Mexicano de TecnologÌa del Agua, Mor. SMN*",0.0
-98.8,18.7,MOR,JNCMR,"Jonacatepec, Mor.",5.7
-99.2,18.6,MOR,JOJMR,"Jojutla, Mor.",4.1
-98.914444,18.683611,MOR,LCUMR,"La Cuera, Mor.",0.0
-99.4,18.7,MOR,MIAMR,"Miacatl·n, Mor.",1.5
-99.004722,18.727222,MOR,MYOMR,"Moyotepec, Mor.",9.1
-99.140833,18.519444,MOR,NEXMR,"Nexpa, Mor.",7.5
-99.031389,18.923333,MOR,OACMR,"Oacalco, Mor.",0.0
-99.219167,18.908889,MOR,OBSMR,"Observatorio de Cuernavaca, Mor.",12.5
-99.331389,18.765278,MOR,RODMR,"El Rodeo, Mor.",10.0
-98.936111,18.541389,MOR,SHUAUTLA,"Sierra de Huautla, Mor. SMN*",4.0
-99.190556,18.918333,MOR,SLDMR,"Solidaridad, Mor.",5.8
-99.042778,18.580278,MOR,SPHMR,"San Pablo Hidalgo, Mor.",1.2
-99.223611,18.856944,MOR,TEMMR,"Temixco, Mor.",13.5
-98.943611,19.038056,MOR,TLCMR,"Tlacualera, Mor.",8.5
-98.75,18.813333,MOR,TLOMR,"Tlacotepec, Mor.",3.5
-98.786944,18.778056,MOR,TMCMR,"Temoac, Mor.",1.0
-98.92,18.9875,MOR,TOTMR,"Totolapan, Mor.",10.9
-98.843611,18.596389,MOR,TPLMR,"Tepalcingo, Mor.",16.7
-99.248611,19.050556,MOR,TRESMARIAS,"Tres MarÌas, Mor. SMN*",13.2
-99.190278,18.528889,MOR,XICMR,"Xicatlacotla, Mor.",0.0
-99.050556,18.899167,MOR,YAHMR,"Yautepec, Mor.",3.1
-99.196667,18.651389,MOR,ZCTMR,"Observatorio de Zacatepec, Mor.",4.1
-105.383333,22.466389,NAY,ACAPONETA,"Acaponeta, Nay. SMN*",0.0
-104.802222,21.839167,NAY,AGMNR,"Aguamilpa Solidaridad, Nay.",0.0
-105.1125,21.831111,NAY,CAPNR,"Capomal, Nay.",0.0
-104.516944,22.250833,NAY,JMANR,"Jes˙s MarÌa, Nay.",0.0
-104.8875,21.780833,NAY,RSRNR,"San Rafael, Nay.",0.0
-105.285556,21.531389,NAY,SANBLASmar,"San Blas, Nay. SEMAR*",1.5
-104.891944,21.489444,NAY,TEPNR,"Observatorio de Tepic, Nay.",0.0
-99.680556,24.883333,NL,ADJNL,"Las Adjuntas, N.L.",17.8
-99.680556,24.897222,NL,ADJUNTASHUALA,"Las Adjuntas, N.L. SGT*",16.3
-100.134444,27.24,NL,ANHNL,"An·huac, N.L.",21.0
-99.816667,24.1,NL,ARRNL,"Aramberri, N.L.",6.4
-99.911667,24.321944,NL,ASCNL,"La AscensiÛn, N.L.",0.0
-99.743889,24.99,NL,CABNL,"Cabezones, N.L.",14.4
-99.579444,24.876111,NL,CAMACHO,"Camacho, N.L. SGT*",6.3
-99.578889,24.871944,NL,CAMNL,"Camacho, N.L.",14.3
-100.276111,25.801389,NL,CanadaS,"El Canad·, N.L. SAHM*",2.1
-100.274722,25.800556,NL,CANNL,"El Canad·, N.L.",7.0
-99.439444,24.976111,NL,CARNL,"Carmen de los Elizondo Linares, N.L.",7.6
-99.276944,25.711667,NL,CCHNL,"Cuchillo Solidaridad, N.L.",15.3
-99.975,25.590278,NL,CDRNL,"Cadereyta, N.L.",23.9
-99.399722,24.9375,NL,CPRNL,"JosÈ LÛpez Portillo, N.L.",10.0
-99.614167,26.091389,NL,CRVNL,"Cerralvo, N.L.",16.7
-100.172778,23.676389,NL,DARNL,"Doctor Arroyo, N.L.",4.0
-100.198056,25.5175,NL,ECSNL,"El Cerrito, N.L.",14.0
-100.308333,25.576944,NL,ELDIENTE,"El Diente, N. L. SMN*",16.8
-100.083333,24.833333,NL,GALNL,"Galeana, N.L.",10.3
-100.128056,25.428056,NL,LBCNL,"Rodrigo GÛmez, N.L.",10.9
-99.527222,25.497222,NL,LERNL,"Las Enramadas, N.L.",14.0
-99.196667,26.022222,NL,MDRNL,"Madero, N.L.",14.9
-99.833333,25.174167,NL,MTMNL,"Montemorelos, N.L.",16.7
-100.118056,23.4225,NL,MYNNL,"Mier y Noriega, N.L.",11.1
-100.304722,25.733611,NL,OBSNL,"Observatorio de Monterrey, N.L.",7.6
-99.221667,24.992778,NL,PAMNL,"La Pamona, N.L.",7.0
-100.372222,27.429167,NL,PSANL,"Salinillas, N.L.",9.5
-100.551111,25.028333,NL,SRANL,"San Rafael, N.L.",3.0
-99.777778,23.981389,NL,ZRGNL,"Zaragoza, N.L.",12.0
-97.720556,17.533611,OAX,AMTOX,"San Antonino Monte Verde, Oax.",16.2
-95.700556,16.010833,OAX,ASTOX,"Astata, Oax.",0.0
-96.53,17.43,OAX,ATEOX,"Atepec, Oax.",21.0
-96.1,17.016667,OAX,AYUOX,"Ayutla, Oax.",21.8
-95.929167,16.647222,OAX,BOQOX,"Boquilla 1, Oax.",0.0
-98.278333,17.532778,OAX,CALOX,"Calihual·, Oax.",2.0
-96.263611,17.999167,OAX,CDOOX,"Miguel de la Madrid Hurtado, Oax.",134.3
-94.816667,16.583333,OAX,CHIOX,"Chicapa, Oax.",0.1
-96.721944,15.812222,OAX,COZOX,"San Francisco Cozoaltepec, Oax.",0.0
-96.658333,18.492778,OAX,CSPOX,"Cosolapa, Oax.",38.7
-96.388889,18.1525,OAX,DPSOX,"Dique Pescaditos, Oax.",113.0
-95.374444,16.434722,OAX,EMAOX,"El MarquÈs, Oax.",0.0
-97.819167,17.746389,OAX,FOYOX,"San Francisco Yosocuta, Oax.",12.0
-97.776111,17.806667,OAX,HDLOX,"Huajuapan de LeÛn, Oax.",2.5
-97.776111,17.806667,OAX,HLOOX,"Observatorio de Huajuapan de LeÛn, Oax.",9.5
-95.053889,16.503611,OAX,IXTALTEPEC,"Ixtaltepec, Oax. SGT*",0.0
-95.1,16.583333,OAX,IXTOX,"Ixtepec, Oax.",1.2
-96.2,17.866667,OAX,JACOX,"Jacatepec, Oax.",256.5
-95.397778,16.445556,OAX,JDMOX,"Presidente Benito Ju·rez, Oax.",0.0
-95.033333,16.433333,OAX,JUCOX,"Juchitan, Oax.",0.0
-95.2,16.6,OAX,KM1OX,"km 33+190, Oax.",0.0
-95.716667,16.416667,OAX,KM2OX,"km 51+740, Oax.",0.0
-95.3,16.4,OAX,LPIOX,"Las Pilas, Oax.",0.0
-95.483333,17.45,OAX,MAROX,"MarÌa Lombardo, Oax.",60.4
-95.036389,16.882778,OAX,MROOX,"MatÌas Romero, Oax. SMN*",25.4
-97.249167,17.436667,OAX,NOCHISTLAN,"Nochistl·n, Oax. SMN*",9.2
-96.733333,17.066667,OAX,OACOX,"Oaxaca Centro, Oax.",7.6
-96.7,17.001389,OAX,OAOOX,"Observatorio de Aeropuerto Oaxaca, Oax.",11.1
-94.4,16.5,OAX,OSTOX,"Ostuta, Oax.",2.0
-96.083333,18.166667,OAX,PAPOX,"Papaloapan, Oax.",36.0
-96.716667,17.072778,OAX,PIAOX,"Organismo de Cuenca PacÌfico Sur PIAE, Oax.",4.3
-96.483333,15.666667,OAX,PTAOX,"Observatorio de Puerto ¡ngel, Oax.",0.0
-95.481389,16.585278,OAX,RHOOX,"RÌo Hondo, Oax.",2.1
-95.916667,17.733333,OAX,RMLOX,"RÌo Manso Lalana, Oax.",60.3
-97.725,16.102778,OAX,RVEOX,"RÌo Verde, Oax.",0.5
-97.839444,17.156667,OAX,SACOX,"San AndrÈs Chicahuaxtla, Oax.",73.8
-95.165,16.283056,OAX,SBLOX,"San Blas Atempa, Oax.",0.0
-96.55,17.266667,OAX,SCIOX,"Ixtepeji, Oax.",9.0
-95.2,16.183333,OAX,SCROX,"Observatorio de Salina Cruz, Oax.",0.0
-96.533333,17.883333,OAX,SFUOX,"San Felipe Usila, Oax.",215.0
-98.1425,17.501389,OAX,SLAOX,"Silacayo·pam, Oax.",1.8
-96.933333,17.516667,OAX,SNAOX,"Santiago Nacaltepec, Oax.",15.0
-96.55,18.05,OAX,STDOX,"Santo Domingo, Oax.",148.3
-97.536667,17.726111,OAX,STTOX,"Santiago Teotongo, Oax.",13.4
-95.2,16.3,OAX,TEHOX,"Tehuantepec, Oax.",0.0
-96.412222,18.232222,OAX,TEMOX,"Presidente Alem·n, Oax.",75.5
-97.424444,17.550556,OAX,TEPOX,"San Juan Teposcolula, Oax.",46.0
-95.6,16.416667,OAX,TEQOX,"Tequisistl·n, Oax.",0.0
-97.680278,17.267222,OAX,TLXOX,"Heroica Ciudad de Tlaxiaco, Oax.",16.5
-97.808333,17.654444,OAX,TSLOX,"Heroica Villa Tezoatl·n de Segura y Luna, Oax.",10.0
-96.133333,18.083333,OAX,TUXOX,"Tuxtepec, Oax.",71.4
-96.435278,17.933056,OAX,UCFOX,"Usila CFE, Oax.",136.9
-94.833333,16.45,OAX,UHGOX,"UniÛn Hidalgo, Oax.",0.0
-96.3,17.776389,OAX,VANOX,"Valle Nacional, Oax.",120.4
-97.826111,17.724444,OAX,YOSOX,"Yosocuta, Oax.",2.1
-95.93,17.15,OAX,ZACOX,"Zacatepec, Oax.",116.1
-98.389444,17.755278,OAX,ZALOX,"Zapotitl·n Lagunas, Oax.",1.9
-94.216111,16.4025,OAX,ZANOX,"Zanatepec, Oax.",5.7
-97.818056,17.889722,OAX,ZAPOX,"Zapotitl·n Palmas, Oax.",2.5
-97.418056,19.45,PUE,ACHPB,"Alchichilca, Pue.",22.3
-97.934167,19.0625,PUE,ACJPB,"Acajete, Pue.",28.3
-98.055,18.277222,PUE,ADOPB,"Acatl·n de Osorio, Pue.",8.3
-98.135833,18.9425,PUE,AFRPB,"¡fricam, Pue.",14.4
-97.920833,18.854167,PUE,AHAPB,"Ahuatepec, Pue.",16.0
-98.148056,20.033056,PUE,AHUPB,"Ahuazontepec, Pue.",16.7
-97.845,20.406944,PUE,APAPB,"Apapantilla, Pue.",72.8
-98.420833,18.921111,PUE,ATXPB,"Atlixco, Pue.",14.1
-97.881111,20.385833,PUE,AVCPB,"¡vila Camacho, Pue.",71.0
-97.503333,19.961389,PUE,BAIPB,"Buenos Aires CFE, Pue.",92.5
-98.108611,18.9125,PUE,BDDPB,"Manuel ¡vila Camacho, Pue.",9.3
-97.441667,18.987222,PUE,CDSPB,"Ciudad Serd·n, Pue.",19.0
-97.958333,18.968889,PUE,CEMPB,"Cemex, Pue.",3.0
-98.579167,18.516111,PUE,CHIPB,"Chietla, Pue.",6.8
-98.318056,19.068611,PUE,CHLPB,"Cholula, Pue.",4.0
-98.567778,18.109722,PUE,CHSPB,"Chila de la Sal, Pue.",2.3
-98.198611,19.022778,PUE,CNAPB,"Conagua, Pue.",2.0
-98.049722,19.743333,PUE,CNGPB,"Chignahuapan, Pue.",45.1
-98.164722,18.612778,PUE,COAPB,"Coatzingo, Pue.",4.0
-98.059444,19.092778,PUE,CPLPB,"Capulac, Pue.",26.0
-97.516667,20.033333,PUE,CTZPB,"Cuetzalan del Progreso, Pue.",264.5
-98.275556,18.966111,PUE,ECHPB,"EcheverrÌa, Pue.",13.0
-98.456111,19.101111,PUE,HJTPB,"Huejotzingo, Pue.",12.6
-98.540278,18.772222,PUE,HQCPB,"Huaquechula, Pue.",18.5
-98.050833,20.176389,PUE,HUAPB,"Huauchinango, Pue.",79.7
-97.815833,19.621667,PUE,IXTPB,"Ixtacamaxtitl·n, Pue.",3.8
-98.466389,18.610833,PUE,IZMPB,"Iz˙car de Matamoros, Pue.",3.0
-97.691111,19.457222,PUE,LIBPB,"Libres, Pue.",3.0
-98.231111,19.010556,PUE,MAYPB,"Mayorazgo 21 Poniente, Pue.",7.1
-97.850278,20.733056,PUE,MTLPB,"Metlaltoyuca, Pue.",55.4
-96.781389,18.360278,PUE,NARPB,"Naranjastitla, Pue.",63.9
-98.000556,20.216667,PUE,NNEPB,"Necaxa, Pue.",42.6
-97.533333,19.7,PUE,OYAPB,"Oyameles, Pue.",25.1
-98.156667,20.2775,PUE,PAHUATLAN,"Pahuatl·n de Valle, Pue. SGT*",65.1
-97.251389,18.918056,PUE,PCRPB,"Paso Carretas, Pue.",61.5
-98.264722,18.2,PUE,PIXPB,"Piaxtla, Pue.",5.4
-97.883333,20.233333,PUE,PTLPB,"Patla, Pue.",47.0
-98.166667,19.05,PUE,PUOPB,"Observatorio de Puebla, Pue.",10.8
-97.616667,19.25,PUE,QUIPB,"Quimixtl·n, Pue.",178.2
-97.401667,20.116111,PUE,RNAPB,"Rancho Nuevo, Pue.",193.0
-98.22,19.113056,PUE,SCRPB,"San CristÛbal Caleras, Pue.",2.7
-97.91,18.735,PUE,SMCPB,"San Miguel Canoa, Pue.",2.0
-97.446667,19.960833,PUE,SOLPB,"La Soledad, Pue.",131.2
-98.582222,19.330278,PUE,SRTPB,"Santa Rita Tlahuapan, Pue.",7.5
-97.486389,19.952778,PUE,STLPB,"Sontalalco CFE, Pue.",92.7
-97.7925,20.004444,PUE,TDRPB,"Tepango de RodrÌguez, Pue.",201.0
-97.7525,18.878889,PUE,TECPB,"Tecamachalco, Pue.",17.5
-97.395556,18.479167,PUE,TEHPB,"Tehuac·n, Pue.",6.0
-97.616944,18.313889,PUE,TEHUACAN,"Tehuac·n, Pue. SMN*",9.0
-98.777222,18.451944,PUE,TELPB,"Teotlalco, Pue.",12.9
-97.805833,19.829444,PUE,TEOPB,"Tetela de Ocampo, Pue.",48.2
-97.9475,20.21,PUE,TEPPB,"Tepexic, Pue.",44.0
-97.390556,19.887778,PUE,TEZIUTLAN,"Teziutl·n, Pue. SMN*",75.8
-97.359722,19.815278,PUE,TEZPB,"Teziutl·n, Pue.",88.3
-96.849722,18.405,PUE,TLPPB,"Tlacotepec de DÌaz, Pue.",89.0
-98.040556,20.374167,PUE,TLXPB,"Tlaxco, Pue.",10.1
-97.491944,19.489167,PUE,TPYPB,"Tepeyahualco, Pue.",5.0
-96.861389,18.483611,PUE,TYAPB,"Tepeyac, Pue.",66.3
-98.050833,20.176389,PUE,UDSPB,"Universidad de la Sierra, Pue.",77.7
-97.720833,18.865556,PUE,UTTPB,"Universidad TecnolÛgica Tecamachalco, Pue. SMN*",14.5
-97.675833,20.510278,PUE,VENPB,"Venustiano Carranza, Pue.",34.3
-97.956944,20.277222,PUE,XDJPB,"Xicotepec de Ju·rez, Pue.",96.5
-97.585,19.859722,PUE,ZCPPB,"Zacapoaxtla, Pue.",67.2
-97.011389,18.332222,PUE,ZOQPB,"Zoquitl·n, Pue.",79.5
-97.832778,20.178611,PUE,ZRGPB,"Zaragoza, Pue.",48.0
-100.412222,20.504167,QRO,BATQT,"El Bat·n, Qro.",0.0
-100.080278,20.418611,QRO,CNSQT,"ConstituciÛn de 1917, Qro.",0.5
-100.283056,20.389444,QRO,HUIQT,"Huimilpan, Qro. SMN*",6.4
-99.9625,20.198611,QRO,IDFQT,"San Ildefonso, Qro.",0.5
-100,20.3625,QRO,SJSQT,"San JosÈ, Qro.",0.1
-87.835556,18.28,QROO,AXCALAK,"Arrecifes Xcalak, Q. Roo. SMN*",193.4
-86.820278,21.156667,QROO,CANQR,"Canc˙n, Q. Roo.",123.6
-87.300556,18.755556,QROO,CHINCHORROmar,"Banco Chinchorro, Q. Roo. SEMAR*",133.5
-88.3275,18.500556,QROO,CHOQR,"Observatorio de Chetumal, Q. Roo.",98.2
-86.946111,20.51,QROO,COZQR,"Cozumel, Q. Roo.",77.6
-88.045,19.575556,QROO,FCRQR,"Observatorio de Felipe Carrillo Puerto, Q. Roo.",58.4
-88.923889,18.455278,QROO,NICOLASBRAVO,"Nicol·s Bravo, Q. Roo. SMN*",31.4
-87.077778,20.634444,QROO,PDCQR,"Playa del Carmen, Q. Roo.",42.1
-109.183333,25.916667,SIN,AHMSI,"Ahome, Sin.",26.5
-107.383333,25.090278,SIN,AL2SI,"El Varejonal hidromÈtrica, Sin.",5.0
-107.388333,25.101389,SIN,ALMSI,"Adolfo LÛpez Mateos, Sin.",5.0
-108.7,25.7,SIN,ARCSI,"Adolfo RuÌz CortÌnes, Sin.",14.6
-107.466667,25.033333,SIN,AWSSI,"Andrew Weiss, Sin.",3.5
-107.5375,25.333333,SIN,BDRSI,"Badiraguato, Sin.",12.0
-108.329167,26.736111,SIN,CHXSI,"Observatorio de Choix, Sin.",22.6
-107.4,24.816667,SIN,CLCSI,"Culiac·n, Sin.",4.5
-109.333333,26.1,SIN,CRRSI,"El Carrizo, Sin.",23.0
-108.065556,25.484722,SIN,EBLSI,"Lic. Eustaquio Buelna, Sin.",12.3
-108.616667,26.433333,SIN,EFTSI,"El Fuerte, Sin.",20.5
-108.480833,25.806667,SIN,ENASI,"EstaciÛn Naranjo, Sin.",7.4
-108.316667,26.083333,SIN,GB2SI,"El Sabinal hidromÈtrica, Sin.",25.0
-107.911944,25.855278,SIN,GD2SI,"Bacurato hidromÈtrica de Gustavo Diaz Ord·z, Sin.",27.0
-107.911111,25.856667,SIN,GDOSI,"Gustavo DÌaz Ordaz, Sin.",27.0
-108.091667,25.469444,SIN,GMCSI,"Guam˙chil, Sin.",12.3
-108.466667,25.716667,SIN,GSVSI,"Guasave, Sin.",13.2
-106.595833,23.955556,SIN,IXPSI,"Ixpalino, Sin.",5.6
-107.059444,24.753611,SIN,JGRSI,"Juan Guerrero Alcocer, Sin.",2.0
-106.807222,24.571667,SIN,JLPSI,"JosÈ LÛpez Portillo, Sin.",3.5
-108.013889,25.9,SIN,JNASI,"Jaina, Sin.",20.5
-108.7025,26.426944,SIN,JORSI,"Josefa Ortiz de DomÌnguez, Sin.",13.0
-106.9,23.916667,SIN,LCRSI,"La Cruz, Sin.",2.0
-108.35,26.904167,SIN,LD2SI,"Huites hidromÈtrica, Sin.",31.0
-108.367778,26.844722,SIN,LDCSI,"Luis Donaldo Colosio, Sin.",39.0
-106.410556,23.216667,SIN,MAZATLANob,"Observatorio de Mazatl·n,  Sin. SMN*",0.6
-109,25.8,SIN,MCHSI,"Los Mochis, Sin.",24.1
-106.4,23.233333,SIN,MZTSI,"Observatorio de Mazatl·n, Sin.",0.4
-107.440556,24.634722,SIN,OBSSI,"Observatorio de Culiac·n, Sin.",4.9
-108.58,26.509722,SIN,PMHSI,"Miguel Hidalgo, Sin.",19.0
-106.466667,23.5625,SIN,QLTSI,"Quelite, Sin.",1.6
-107.755833,25.124722,SIN,RAVSI,"EstaciÛn Rancho Viejo, Sin.",8.9
-105.85,22.983333,SIN,RSRSI,"Rosario, Sin.",0.0
-107.843333,25.485556,SIN,SANJUAN,"San Juan, Sin. SMN*",5.6
-106.952778,24.484722,SIN,SCRSI,"Santa Cruz, Sin.",1.5
-108.779167,26.073611,SIN,SFRSI,"Sufragio, Sin.",22.0
-107.8425,25.486667,SIN,SJNSI,"San Juan, Sin.",7.4
-107.1,24.45,SIN,SLRSI,"San Lorenzo, Sin.",3.0
-106.695833,24.121944,SIN,SLTSI,"Ing. Aurelio Benassini VizcaÌno, Sin.",3.0
-107.158333,24.813889,SIN,SN2SI,"Sanalona hidromÈtrica, Sin.",2.4
-107.151389,24.815,SIN,SNLSI,"Sanalona, Sin.",2.4
-106.25,23.35,SIN,SQRSI,"Siqueros, Sin.",1.1
-109.070278,25.590833,SIN,TOPOLOBAMPOmar,"Topolobampo, Sin. SEMAR*",12.8
-105.846944,23.088333,SIN,TORSI,"Las Tortugas, Sin.",0.0
-107.059722,24.7475,SIN,VINSI,"Vinoramas, Sin.",2.0
-108.358611,25.739167,SIN,ZOPSI,"El Zopilote, Sin.",15.0
-98.558333,21.972222,SLP,AJTSL,"Las Adjuntas, S.L.P.",16.4
-98.955833,21.748889,SLP,BLMSL,"Ballesmi, S.L.P.",29.2
-100.021667,21.936111,SLP,CDFERNANDEZ,"Ciudad Fern·ndez, S.L.P. SMN*",13.2
-99.030833,21.979722,SLP,CDVALLES,"Ciudad Valles, S.L.P. SMN*",1.4
-99.239444,21.906944,SLP,GANSL,"Gallinas, S.L.P.",35.4
-100.820556,21.88,SLP,IVGSL,"ValentÌn Gama, S.L.P.",4.8
-100.642778,23.656944,SLP,MATSL,"Matehuala, S.L.P.",5.3
-99.159444,22.12,SLP,MICSL,"Micos, S.L.P.",32.3
-99.32,22.523333,SLP,NRJSL,"Naranjos, S.L.P.",12.0
-100.762222,21.849722,SLP,OCTSL,"Ojo Caliente, S.L.P.",4.8
-99.830556,21.651111,SLP,PMYSL,"Pedro Montoya, S.L.P.",7.0
-98.888611,21.425,SLP,RQTSL,"Requetemu, S.L.P.",33.0
-101,22.2,SLP,SGRSL,"Soledad Graciano, S.L.P.",3.4
-101.019167,22.148056,SLP,SLPSL,"Observatorio de San Luis PotosÌ, S.L.P.",12.1
-99.055833,22.02,SLP,STRSL,"Santa Rosa, S.L.P.",11.9
-98.617222,21.692778,SLP,SVTSL,"San Vicente, S.L.P.",16.6
-99.146111,21.822222,SLP,TANCHACHIN,"TanchachÌn, S.L.P. SGT*",8.4
-98.857222,21.246667,SLP,TBLSL,"Tierra Blanca, S.L.P.",1.8
-98.773333,22.003611,SLP,TMISL,"Observatorio de TamuÌn, S.L.P.",19.0
-98.758889,21.241111,SLP,TMTSL,"Temamatla, S.L.P.",49.2
-99.146111,21.8225,SLP,TNCSL,"TanchachÌn, S.L.P.",9.1
-110.226111,29.825,SON,ACNSO,"Aconchi, Son.",68.0
-109.887778,27.75,SON,AGCSO,"Agua Caliente, Son.",13.0
-108.937778,27.021667,SON,ALMSO,"¡lamos, Son.",36.3
-111.733333,30.716667,SON,ALTSO,"Observatorio de Altar, Son.",21.9
-109.8925,27.8225,SON,AOBSO,"¡lvaro ObregÛn, Son.",10.0
-109.106667,27.226111,SON,ARCSO,"Adolfo RuÌz CortÌnes, Son.",28.2
-109.088611,30.07,SON,ARISO,"Aribabi, Son.",51.2
-110.92,29.076667,SON,ARLSO,"Abelardo RodrÌguez Luj·n, Son.",49.5
-110.1675,30.335833,SON,ARZSO,"Arizpe, Son.",65.5
-108.931667,30.355278,SON,BCRSO,"Bacerac, Son.",42.5
-109.625,27.416667,SON,CCRSO,"Cocoraque, Son.",12.1
-111.516389,30.873333,SON,CHTSO,"CuauhtÈmoc, Son.",37.0
-110.736389,29.472222,SON,CJNSO,"El CajÛn, Son.",75.5
-110.290833,30.98,SON,CNNSO,"Cananea, Son.",55.9
-109.938056,27.5,SON,COBSO,"Observatorio de Ciudad ObregÛn, Son.",14.0
-108.7625,26.603611,SON,CZNSO,"Cazanate, Son.",44.3
-109.233333,29.2,SON,ECBSO,"El Cubil, Son.",20.0
-110.8,27.95,SON,EMPALMEob,"Observatorio de Empalme, Son. SMN*",15.8
-110.8,27.95,SON,EPLSO,"Observatorio de Empalme, Son.",6.4
-110.85,27.95,SON,GYMSO,"Guaymas, Son.",20.5
-110.916667,29.066667,SON,HM2SO,"Observatorio de Hermosillo, Son.",49.5
-110.925833,29.073056,SON,HMNSO,"Hermosillo, Son.",37.5
-108.957222,30.210556,SON,HSHSO,"Huachinera, Son.",73.0
-110.886944,30.761667,SON,IMRSO,"Imuris, Son.",41.4
-110.396944,28.426389,SON,IRASO,"Ignacio R. Alatorre, Son.",22.5
-109.378889,30.437778,SON,LCDSO,"L·zaro C·rdenas, Son.",26.0
-110.947222,31.318889,SON,NGLSO,"Nogales, Son.",40.2
-110.913889,31.297778,SON,NOGALES,"Nogales, Son. SMN*",39.6
-109.443333,27.071944,SON,NVJSO,"Navojoa, Son.",20.0
-112.85,31.866667,SON,NYNSO,"Sonoyta, Son.",44.8
-110.706111,29.229722,SON,ORGSO,"El OrÈgano, Son.",41.6
-109.083333,29.433333,SON,PDNSO,"Paso N·cori, Son.",26.6
-109.642222,28.976667,SON,PECSO,"Plutarco ElÌas Calles, Son.",19.7
-110.725556,29.2125,SON,PMOSO,"Ing. Rodolfo FÈlix ValdÈs, Son.",2.0
-110.308333,28.472222,SON,PTASO,"Punta de Agua 2, Son.",16.0
-111.021389,30.050556,SON,QRBSO,"Querobabi, Son.",28.5
-108.876667,27.411944,SON,SBNSO,"San Bernardo, Son.",46.5
-114.783333,32.483333,SON,SLCSO,"San Luis RÌo Colorado, Son.",32.0
-112.846389,31.865278,SON,SONOYTA,"Sonoyta, Son. SMN*",45.4
-111.445278,30.394722,SON,SRSSO,"Santa Rosa 2, Son.",41.3
-109.2125,27.658333,SON,TSOSO,"Tesocoma, Son.",31.5
-111.133056,29.014722,SON,UNISON,"Universidad de Sonora, Son. SMN*",37.4
-110.289722,27.643611,SON,VCMSO,"VÌcam, Son.",16.0
-108.927778,28.371389,SON,YCRSO,"YÈcora, Son.",31.2
-92.426667,17.8125,TAB,BALANCAN,"Balanc·n, Tab. ProtecciÛn Civil*",77.0
-91.483333,17.433333,TAB,BDCTB,"Boca del Cerro, Tab.",84.3
-93.376389,18.001111,TAB,CARTB,"C·rdenas, Tab.",137.5
-92.916667,17.98,TAB,EMUTB,"Villahermosa Muelle, Tab.",103.4
-92.814722,18.043611,TAB,EPOTB,"El Porvenir, Tab.",99.8
-93,17.975,TAB,GONTB,"Gonz·lez, Tab.",154.9
-92.6,17.766667,TAB,MACTB,"Macuspana, Tab.",195.0
-92.75,17.380556,TAB,OXOTB,"Oxolot·n, Tab.",310.0
-93.33,18.42,TAB,PARAISO,"ParaÌso, Tab. SMN*",219.5
-93.390278,17.769167,TAB,PAREDON,"ParedÛn HC, Tab. SGT*",169.0
-92.879167,17.854167,TAB,PNVTB,"Pueblo Nuevo, Tab.",130.3
-92.9375,17.566667,TAB,PUYTB,"Puyacatengo, Tab.",250.1
-93.275556,17.996944,TAB,SAMTB,"Samaria, Tab.",205.3
-91.158333,17.791667,TAB,SPTTB,"San Pedro, Tab.",82.1
-92.778611,17.456944,TAB,TAPTB,"Tapijulapa, Tab.",121.3
-92.966667,17.566667,TAB,TEATB,"Teapa, Tab.",216.3
-98.370556,24.046667,TAMPS,ABASOLO,"Abasolo, Tamps. SGT*",24.0
-98.39,24.065556,TAMPS,ABSTP,"Abasolo, Tamps.",21.9
-99.148889,22.986944,TAMPS,AHLTP,"Ahualulco, Tamps.",3.2
-99.148889,22.987778,TAMPS,AHUALULCOTP,"Ahualulco, Tamps. SGT*",40.0
-99.215278,24.103333,TAMPS,BARRETALI,"Barretal Uno, Tamps. SGT*",6.1
-99.214444,24.102778,TAMPS,BARRETALII,"Barretal Dos, Tamps. SGT*",4.5
-99.123056,24.080556,TAMPS,BR1TP,"El Barretal Uno, Tamps.",5.3
-99.215,24.1025,TAMPS,BRRTP,"El Barretal, Tamps.",3.9
-97.772222,23.051944,TAMPS,BTORDO,"Barra del Tordo, Tamps. SMN*",43.4
-98.687222,25.118056,TAMPS,CANDIDOAG,"C·ndido Aguilar, Tamps. SGT*",12.7
-98.5975,26.238056,TAMPS,CDOTP,"S-J-2-18 Ciudad DÌaz Ordaz, Tamps.",12.7
-99.92,22.58,TAMPS,CIUDADMANTE,"Ciudad Mante, Tamps. SMN*",30.6
-98.8,26.25,TAMPS,CMGTP,"S-J-2-11 Camargo, Tamps.",27.9
-99.148611,26.430556,TAMPS,CMRTP,"Mier, Tamps.",22.9
-98.814167,25.030833,TAMPS,CNDTP,"C·ndido Aguilar, Tamps.",5.5
-97.817778,25.966389,TAMPS,CONTP,"Control, Tamps.",9.0
-98.935833,23.939167,TAMPS,CORTP,"Corona, Tamps.",4.3
-99.166667,23.716667,TAMPS,CVCTP,"Observatorio de Ciudad Victoria, Tamps.",4.0
-99.1875,23.730278,TAMPS,CVTTP,"Ciudad Victoria, Tamps.",4.0
-99.078611,23.384444,TAMPS,ENNTP,"La Encantada, Tamps.",4.4
-98.691667,22.605,TAMPS,ERCTP,"Estudiante Ramiro Caballero Dorantes, Tamps.",36.4
-98.1575,24.842778,TAMPS,FD2TP,"San Fernando, Tamps. SMN*",15.0
-98.158333,24.843889,TAMPS,FDOTP,"San Fernando, Tamps.",5.5
-99.154722,23.046667,TAMPS,GOMEZFARIAS,"GÛmez FarÌas, Tamps. SGT*",20.8
-97.953333,23.166389,TAMPS,LAETP,"La Esperanza, Tamps.",29.4
-99.233611,26.408889,TAMPS,LBLTP,"Derivadora Las Blancas, Tamps.",12.0
-99.120556,22.852778,TAMPS,LSRTP,"La Servilleta, Tamps.",40.3
-97.518056,25.885,TAMPS,MA2TP,"Matamoros, Tamps. SMN*",0.0
-99.551111,24.566667,TAMPS,MAGTP,"Magueyes, Tamps.",6.8
-97.522778,25.833333,TAMPS,MATTP,"Matamoros, Tamps.",16.2
-98.586389,25.1175,TAMPS,MENTP,"Mendez, Tamps.",6.6
-99.040833,26.374167,TAMPS,MGATP,"S-J-1-2 Miguel Alem·n, Tamps.",17.8
-98.705556,22.795833,TAMPS,MGSTP,"MagiscatzÌn Dos, Tamps.",32.2
-99.434444,24.2525,TAMPS,MHGTP,"Miguel Hidalgo, Tamps.",4.2
-98.925556,26.204722,TAMPS,MRGTP,"Marte Rodolfo GÛmez, Tamps.",13.7
-99.53,27.44,TAMPS,NUEVOLAREDO,"Nuevo Laredo, Tamps. SGT*",4.5
-98.633889,22.494444,TAMPS,NVAAPOLONIA,"Nueva Apolonia, Tamps. SGT*",64.3
-99.490278,27.495556,TAMPS,NVLTP,"Nuevo Laredo, Tamps.",0.5
-98.901944,24.041389,TAMPS,PADILLA,"Padilla, Tamps. SGT*",6.4
-98.9,24.05,TAMPS,PADTP,"Padilla, Tamps.",6.4
-97.8,25.8,TAMPS,PANTP,"Pueblo An·huac, Tamps.",12.7
-98.745833,23.726667,TAMPS,PDMTP,"Paso de Molina, Tamps.",10.7
-98.867778,24.115,TAMPS,PILON,"PilÛn, Tamps. SGT*",8.4
-99.019167,24.208056,TAMPS,PILTP,"PilÛn, Tamps.",8.5
-99.555833,24.2475,TAMPS,PJMTP,"Pedro JosÈ MÈndez, Tamps.",3.8
-99.5975,24.184167,TAMPS,PTODEVALLES,"Puerto de Valles, Tamps. SGT*",15.2
-99.583333,24.183333,TAMPS,PVLTP,"Puerto de Valles, Tamps.",15.2
-99.026111,22.843056,TAMPS,RFRTP,"RÌo FrÌo, Tamps.",23.2
-98,25.966667,TAMPS,RIBTP,"RÌo Bravo, Tamps.",33.0
-97.991944,23.259444,TAMPS,RSPTP,"Rep˙blica EspaÒola, Tamps.",30.5
-98.285833,26.079722,TAMPS,RYATP,"S-J-3-42 Reynosa, Tamps.",21.7
-98.883333,26.166667,TAMPS,RYNTP,"S-J-2-9 Reynosa, Tamps.",21.7
-99.093056,23.031389,TAMPS,SBNTP,"Sabinas, Tamps.",29.0
-98.869444,22.784444,TAMPS,SDATP,"Saca de Agua, Tamps.",29.3
-98.787222,23.083611,TAMPS,SGBTP,"San Gabriel, Tamps.",33.6
-98.208889,23.762222,TAMPS,SLMTP,"Observatorio de Soto la Marina, Tamps.",41.3
-98.791389,22.943889,TAMPS,SLZTP,"Lic. Emilio Portes Gil, Tamps.",23.2
-97.876111,22.238333,TAMPS,TMPTP,"Tampico, Tamps.",32.4
-98.422778,22.423889,TAMPS,TMSTP,"TamesÌ, Tamps.",19.0
-97.804167,25.906111,TAMPS,VCATP,"Villa C·rdenas, Tamps.",8.7
-98.666389,23.959444,TAMPS,VGRTP,"Vicente Guerrero, Tamps.",14.0
-97.8,25.7,TAMPS,VHMTP,"Valle Hermoso, Tamps.",15.0
-99.551111,24.566667,TAMPS,VSMTP,"Victoria San Marcos, Tamps.",3.9
-98.131111,19.428611,TLAX,APITL,"Apizaco, Tlax.",14.0
-98.563889,19.586111,TLAX,CPPTL,"Calpulalpan, Tlax.",16.8
-97.769722,19.298889,TLAX,CUATL,"Cuapiaxtla, Tlax.",12.5
-97.6475,19.318056,TLAX,ECTTL,"El Carmen Tequexquitla, Tlax.",2.0
-97.911111,19.315833,TLAX,HMTTL,"Huamantla, Tlax.",12.0
-98.032222,19.140833,TLAX,MALINCHEII,"La Malinche 2, Tlax. SMN*",5.2
-98.246944,19.324722,TLAX,OBSTL,"Observatorio de Tlaxcala, Tlax.",8.2
-98.200556,19.556111,TLAX,SJATL,"San JosÈ Atlanga, Tlax.",16.0
-98.233333,19.316667,TLAX,TLAXCALAob,"Observatorio de Tlaxcala, Tlax. SMN*",7.0
-98.243056,19.219444,TLAX,ZACTL,"Zacatelco, Tlax.",4.3
-97.908056,19.200278,TLAX,ZITTL,"Zitlaltepec, Tlax.",3.5
-96.843889,19.695833,VER,ACAVC,"Acatl·n, Ver.",132.1
-96.583333,19.495278,VER,ACTOPANVER,"Actopan, Ver. SGT*",71.3
-96.5875,19.495,VER,ACTVC,"Actopan, Ver.",80.9
-94.144444,18.141667,VER,AGDVC,"Agua Dulce, Ver.",255.0
-97.68,20.93,VER,ALAVC,"¡lamo Temapache, Ver.",51.0
-97.234722,19.7625,VER,ALTVC,"Altotonga, Ver.",238.5
-95.4375,18.583333,VER,ARCVC,"¡ngel Rosario Cabada, Ver.",135.2
-96.944444,19.588889,VER,BANVC,"Banderilla, Ver.",174.0
-96.933333,19.483333,VER,BRIVC,"Briones, Ver.",218.1
-94.253889,17.954444,VER,CB2VC,"Planta de Bombeo 2 de La Cangrejera, Ver.",339.0
-95.8,18.3,VER,CCLVC,"Chacaltianguis, Ver.",44.1
-96.994444,19.332778,VER,CDCVC,"Cosautl·n de Carvajal, Ver.",232.0
-96.697778,19.433056,VER,CEGVC,"Cerro Gordo, Ver.",99.3
-96.853611,18.563333,VER,CHMVC,"Chicomapa, Ver.",108.9
-98.155833,21.7375,VER,CHYVC,"Paso de Piedras, Ver.",25.2
-94.406667,18.149722,VER,COATZACOALCOmar,"Coatzacoalcos, Ver. SEMAR*",78.4
-96.939444,19.453889,VER,COAVC,"Coatepec, Ver.",179.5
-94.4,18.1,VER,COTVC,"Observatorio de Coatzacoalcos, Ver.",128.2
-96.374444,19.364722,VER,CRDVC,"Cardel, Ver.",53.3
-95.295833,18.144444,VER,CTTVC,"Cuatotolapan, Ver.",28.1
-95.970833,19.040833,VER,ELSALADOmar,"El Salado, Ver. SEMAR*",43.9
-96.36,19.405833,VER,ENRVC,"El Naranjillo, Ver.",82.0
-96.158333,19.068889,VER,ETEVC,"El Tejar, Ver.",54.2
-96.9975,18.897778,VER,FORVC,"FortÌn, Ver.",78.0
-95.556944,18.270556,VER,GARVC,"Garro, Ver.",39.5
-98.459167,21.773611,VER,HGOVC,"El Higo, Ver.",25.6
-98.2875,21.194444,VER,HLSVC,"Los Hules, Ver.",15.6
-98.483333,20.533333,VER,HUYVC,"Huayacocotla, Ver.",66.4
-96.554167,19.404167,VER,IDOVC,"Õdolos, Ver.",53.4
-96.884444,19.604722,VER,INCVC,"Ingenio ConcepciÛn, Ver.",180.0
-95.033333,17.433333,VER,JCRVC,"Jes˙s Carranza, Ver.",36.0
-94.088889,17.873611,VER,JDCVC,"San JosÈ del Carmen, Ver.",206.7
-97.021111,19.603611,VER,JOYVC,"La Joya, Ver.",221.5
-95.35,18.25,VER,LAUVC,"Lauchapan, Ver.",50.4
-94.330833,18.109444,VER,LCAVC,"La Cangrejera, Ver.",341.0
-95.118333,18.415833,VER,LDCVC,"Canseco, Ver.",35.9
-97.231944,18.922778,VER,LGRVC,"Loma Grande, Ver.",105.0
-96.978333,20.051944,VER,LIBVC,"Libertad, Ver.",143.8
-96.411111,19.261389,VER,LOFVC,"Loma Fina, Ver.",56.0
-94.916667,17.416667,VER,LPEVC,"Las Perlas, Ver.",22.0
-97.1,19.65,VER,LVRVC,"Las Vigas de RamÌrez, Ver.",213.3
-97.048333,20.0675,VER,MDTVC,"MartÌnez de la Torre, Ver.",141.0
-96.333333,19.15,VER,MFAVC,"Manlio Fabio Altamirano, Ver.",36.1
-98.045,20.8325,VER,MILVC,"Milcahual, Ver.",66.0
-94.771111,18.135278,VER,MNZVC,"Minzapan, Ver.",52.3
-96.833333,19.933333,VER,MZNVC,"Misantla, Ver.",222.1
-96.872222,19.65,VER,NAOVC,"Naolinco, Ver.",143.4
-98.5125,21.840278,VER,OLVVC,"El Olivo, Ver.",41.5
-97.1,18.85,VER,ORZVC,"Observatorio de Orizaba, Ver.",125.7
-96.97,19.55,VER,OTIVC,"Otilpan, Ver.",190.2
-96.918056,19.48,VER,PAVVC,"Pacho Viejo, Ver.",150.0
-94.3775,18.103611,VER,PB3VC,"Planta de Bombeo 3 de La Cangrejera, Ver.",247.0
-94.193611,17.872778,VER,PCNVC,"Planta de Bombeo 1 de La Cangrejera, Ver.",334.0
-97.814444,21.184444,VER,PEMVC,"El Moralillo, Ver.",70.0
-97.238889,19.580556,VER,PERVC,"Perote, Ver.",21.4
-96.979722,19.588611,VER,PILVC,"Piletas, Ver.",199.4
-98.176667,22.06,VER,PNCVC,"P·nuco, Ver.",44.3
-98.356667,21.297778,VER,PSNVC,"PlatÛn S·nchez, Ver.",22.9
-96.665,19.043333,VER,PTE4CAMINOS,"Puente Cuatro Caminos, Ver. SGT*",83.1
-96.795278,18.888056,VER,PTNVC,"Potrero Nuevo, Ver.",141.5
-95.627778,18.716667,VER,RALVC,"Radar Alvarado, Ver.",57.5
-97.809722,20.887222,VER,SBTVC,"Sombrerete, Ver.",21.7
-96.921389,19.578611,VER,SEDVC,"SedeÒo, Ver.",193.2
-95.183333,18.45,VER,SIHVC,"Sihuap·n, Ver.",73.2
-95.133333,17.883333,VER,SJEVC,"San Juan Evangelista, Ver.",22.9
-96.130556,19.085833,VER,SJNVC,"San JosÈ Novillero, Ver.",17.5
-95.033333,18.516667,VER,SONVC,"Sontecomapan, Ver.",245.5
-95.212778,18.450833,VER,STXVC,"San AndrÈs Tuxtla AC, Ver.",84.2
-96.966667,19.45,VER,TAPVC,"Tapachapan, Ver.",165.2
-96.966667,19.383333,VER,TCOVC,"Teocelo, Ver.",126.0
-96.844722,19.068889,VER,TEPATLAXCO,"Tepatlaxco, Ver. SGT*",87.6
-97.125278,18.579722,VER,TLQVC,"Tlaquilpa, Ver.",108.6
-94.163333,17.571944,VER,TMOVC,"Tierra Morada, Ver.",308.0
-98.409444,21.499722,VER,TMPVC,"Tempoal, Ver.",15.6
-96.916667,19.811111,VER,TNCVC,"Tenochtitl·n, Ver.",214.3
-97.2225,19.921944,VER,TOMVC,"Tomata, Ver.",86.2
-96.950278,19.233611,VER,TOTVC,"Totutla, Ver.",175.4
-97.4,20.955556,VER,TXPVC,"Observatorio de Tuxpan, Ver.",93.6
-95.416667,18.466667,VER,TZAVC,"Tres Zapotes, Ver.",103.7
-96.111111,19.154167,VER,VERVC,"Observatorio de Veracruz, Ver.",65.1
-96.613889,19.022222,VER,VTEVC,"Villa Tejeda, Ver.",13.0
-96.85,19.55,VER,XCFVC,"Xalapa CFE, Ver.",186.8
-96.903889,19.542222,VER,XCRVC,"Xalapa Cristal, Ver.",156.6
-96.935556,19.547222,VER,XMGVC,"Xalapa Magisterial, Ver.",198.3
-96.916667,19.533333,VER,XOBVC,"Observatorio de Xalapa, Ver.",186.6
-96.871667,19.511667,VER,XOLVC,Xalapa Olmos,160.0
-96.915556,19.565833,VER,XREVC,"Xalapa RevoluciÛn, Ver.",142.2
-96.894444,19.555833,VER,XSUVC,"Xalapa Sumidero, Ver.",204.9
-97.388889,19.413889,VER,ZALVC,"Zalayeta, Ver.",20.5
-89.681111,20.649444,YUC,ABAYC,"Abal·, Yuc.",8.5
-89.218889,19.883056,YUC,BECYC,"BecanchÈn, Yuc.",93.0
-89.081667,20.463056,YUC,CANYC,"Cantamayec, Yuc.",44.8
-90.3825,20.858056,YUC,CELYC,"Celest˙n, Yuc. SMN*",7.2
-89.829444,20.752778,YUC,CHOYC,"Chochol·, Yuc.",8.8
-89.638056,21.03,YUC,CICYC,"Centro de InvestigaciÛn CientÌfica, Yuc.",19.8
-87.676667,21.5125,YUC,CYOYC,"El Cuyo, Yuc.",74.7
-89.644167,20.935278,YUC,FAEYC,"Fuerza AÈrea, Yuc.",5.8
-89.658056,20.984167,YUC,GARYC,"Organismo de Cuenca PenÌnsula de Yucat·n, Yuc.",24.5
-89.651111,20.946389,YUC,MEOYC,"Observatorio de MÈrida, Yuc.",13.9
-89.4375,21.105556,YUC,MOCYC,"Mococh·, Yuc.",26.4
-89.291667,21.094167,YUC,MTOYC,"Motul, Yuc.",39.6
-89.711667,20.493333,YUC,MUNYC,"Muna, Yuc.",27.2
-89.394722,20.290556,YUC,OXKYC,"Oxkutzcab, Yuc.",21.5
-88.930833,20.1325,YUC,PETYC,"Peto, Yuc.",71.0
-89.65,21.3,YUC,PROGRESOob,"Observatorio de Progreso, Yuc. SMN*",41.8
-89.653889,21.275833,YUC,PROYC,"Observatorio de Progreso, Yuc.",47.6
-88.160278,21.571111,YUC,RILYC,"RÌo Lagartos, Yuc. SMN*",13.0
-88.160556,21.571667,YUC,RLAYC,"RÌo Lagartos, Yuc.",13.6
-89.046944,20.030278,YUC,TANYC,"TantaquÌn, Yuc.",85.6
-89.558056,20.397778,YUC,TICYC,"Ticul, Yuc.",12.8
-87.988889,21.161389,YUC,TIZIMIN,"TizimÌn, Yuc. SMN*",39.8
-88.1725,21.158611,YUC,TIZYC,"TizimÌn, Yuc.",60.4
-88.204167,20.69,YUC,VALYC,"Observatorio de Valladolid, Yuc.",59.6
-103.225278,22.327222,ZAC,ACHZC,"Achimec, Jal.",0.0
-103.459167,21.811389,ZAC,ATGZC,"Atolinga, Zac.",4.0
-102.953333,22.824167,ZAC,BTEZC,"RamÛn LÛpez Velarde, Zac.",0.0
-102.896111,21.997222,ZAC,CHIZC,"El Chique, Zac.",2.7
-103.098333,23.693333,ZAC,ELCZC,"El Cazadero, Zac.",4.1
-102.040833,22.673056,ZAC,ELSZC,"El Saladillo, Zac.",1.5
-103.35,21.645833,ZAC,EXCZC,"Miguel Alem·n, Zac.",1.3
-102.890833,23.173889,ZAC,FREZC,"Fresnillo, Zac.",1.2
-103.093333,22.933333,ZAC,GJAZC,"General JoaquÌn Amaro, Zac.",0.0
-102.506667,22.746667,ZAC,GPEZC,"Guadalupe, Zac.",0.0
-103.397778,24.281667,ZAC,JALZC,"Juan Aldama, Zac.",0.2
-103.114167,21.404722,ZAC,JCHZC,"Juchipila, Zac.",3.5
-103.001944,22.642778,ZAC,JERZC,"Jerez, Zac.",0.7
-102.566944,22.778889,ZAC,LBUZC,"Observatorio de Zacatecas, Zac.",0.0
-103.603056,22.686944,ZAC,LFLZC,"La Florida, Zac.",0.0
-102.660556,22.996944,ZAC,LLBZC,"Llano Blanco, Zac.",0.0
-102.251667,22.438611,ZAC,LMOZC,"Luis Moya, Zac.",0.0
-103.382778,22.845278,ZAC,LOBZC,"Manuel Felgueres, Zac.",0.0
-103.216944,23.18,ZAC,LREZC,"Gobernador Leobardo Reynoso, Zac.",1.0
-103.363889,21.2125,ZAC,MORZC,"Mezquital del Oro, Zac.",0.0
-103.561667,22.306944,ZAC,MRSZC,"Monte Escobedo, Zac.",0.0
-102.845556,21.3575,ZAC,NCTZC,"Nochistl·n, Zac.",1.3
-102.798056,22.347778,ZAC,PALZC,"Palomas, Zac.",0.0
-101.399167,22.1175,ZAC,PINZC,"Pino Su·rez, Zac.",15.2
-102.903611,21.711111,ZAC,PMOZC,"Los MoraleÒos, Zac.",3.3
-103.025833,23.816944,ZAC,RGRZC,"RÌo Grande, Zac.",0.8
-102.884444,24.322222,ZAC,SFOZC,"San Francisco, Zac.",0.0
-103.506111,24.288611,ZAC,SGOZC,"Santiago, Zac.",0.0
-103.636667,23.638889,ZAC,SOMZC,"Observatorio de Sombrerete, Zac.",2.2
-103.495833,22.326667,ZAC,STEZC,"Independencia Nacional, Zac.",0.0
-103.108889,22.923611,ZAC,STRZC,"Santa Rosa, Zac.",2.4
-102.864167,22.120556,ZAC,TAYZC,"Ing. Juli·n Adame Alatorre, Zac.",3.1
-103.879722,23.471944,ZAC,TCHZC,"Chalchihuites, Zac.",6.0
-102.786389,21.560556,ZAC,TLAZC,"Tlalchichila, Zac.",3.0
-103.309444,21.773611,ZAC,TLLZC,"Tlaltenango, Zac.",2.0
-101.715833,22.3475,ZAC,VHGZC,"Villa Hidalgo, Zac.",5.0
-103.3375,21.588889,ZAC,VILZC,"JosÈ MarÌa Morelos, Zac.",8.0
-102.506111,22.746667,ZAC,ZA2ZC,"Zacatecas, Zac. SMN*",0.0
-102.566389,22.778333,ZAC,ZACATECASob,"Observatorio de Zacatecas, Zac. SMN*",1.0
-102.576667,22.761389,ZAC,ZACZC,"Zacatecas, Zac.",0.1
